product_id,comment_id,user_id,user_name,content,rating,comment_time,useful_votes,reply_count,crawl_time
3631002579,73b4be9cdc261009e6dc403787dd4863,jd_ie3iczyxiakyqyny,jd_ie3iczyxiakyqyny,买回来用了几天，做工比较中规中矩，而且设计特别中规中矩，另外材料非常中规中矩。,3,2025-12-06 20:55:16,17,1,2025-12-15 19:04:45
3631002579,524c2372f6eeccaaa6a8774a148b2156,jd_wyhyu22q,教师李老师,家具安装好了，做工精细，材质环保没有异味。很实用，按照说明书就能装好。包装完好，非常满意,5,2025-12-05 00:55:30,33,4,2025-12-15 17:37:26
3631002579,96315788a2c60a9b711b11a00f26aa48,jd_user_ynngkcjv2,阳光男孩,家具安装好了，结构稳固，面料舒适。很实用，按照说明书就能装好。物流很快，非常满意,4,2025-12-02 12:02:35,35,3,2025-12-15 18:22:24
6787511034,12dc5fa1a1b7d9ce1d7fba237ba969dd,jdh5us5i4g,jdh5us5i4g,电脑包装很严实，外观设计简约大气。处理大型软件流畅，屏幕显示效果细腻。散热效果很好，键盘手感舒适。物流很快，会推荐给同事,5,2025-12-07 12:10:19,29,1,2025-12-15 17:19:23
6787511034,8c0347374bd72ea215e31c48bb190e74,jd_user_mh6ctvv9c,jd_user_mh6ctvv9c,散热效果不错，长时间使用也不会很热，屏幕显示效果很好，色彩准确。,4,2025-12-08 07:24:00,37,0,2025-12-15 15:12:28
6787511034,8bbce983120059dd8f6c9f81ed919032,jd4xwy53au,jd4xwy53au,电脑包装很严实，外观设计简约大气。多任务处理无压力，色彩鲜艳准确。长时间使用也不发烫，键盘手感舒适。物流很快，会推荐给同事,5,2025-12-06 16:28:27,13,0,2025-12-15 17:12:37
6787511034,1c02883ae931150b863c481effa0470d,jd_1z4n7s98,秋月无边,买回来用了几天，外观有点卓越，另外屏幕比较优秀解决了我的需求。,5,2025-12-06 16:48:25,13,5,2025-12-15 17:28:42
6787511034,0fd933c2b7b56d28cf25eddb780e8cf3,京东用户_enndkksfz,天秤座优雅,电脑包装很严实，外观设计简约大气。处理大型软件流畅，色彩鲜艳准确。散热效果很好，打字很舒服。物流很快，非常满意的一次购物,5,2025-12-09 16:09:46,8,5,2025-12-15 16:51:37
6787511034,99e87f7046e22c6529a43aa30dcb0a83,jd_33659755,广东靓仔,已经使用一周了，这款HUAWEI MateBook 14s确实不错。外观设计都很满意，特别是操作流畅度超出预期。会推荐给朋友的！,4,2025-12-04 14:25:45,17,4,2025-12-15 15:35:55
6787511034,5e2fb94457dee1542297ec150bbeb6f5,jd_ctk674miqy3d,间谍过家家,买回来用了几天，续航比较优秀，而且性能非常一流物超所值！,4,2025-12-03 22:08:10,19,0,2025-12-15 15:43:28
6787511034,9138fc7e80b6834b9bcb176238dda4b3,jd_agnywa58m4_buyer,小猫咪,电脑包装很严实，金属机身很有质感。多任务处理无压力，高刷新率很流畅。长时间使用也不发烫，背光效果很酷。物流很快，会推荐给同事,4,2025-12-09 19:44:34,20,3,2025-12-15 15:40:13
6787511034,2fa58ec808b320ef53bd2fce27ef21a3,jdsxuuzpf8,jdsxuuzpf8,电脑包装很严实，做工精致。多任务处理无压力，高刷新率很流畅。长时间使用也不发烫，打字很舒服。物流很快，会推荐给同事,5,2025-12-07 01:52:16,19,4,2025-12-15 15:09:24
6787511034,827f74f1e35722d01f125e7db698c3cf,jd_9nqxsm,律师陈先生,买回来用了几天，续航略微出色，另外键盘有点一流，而且散热十分相当好值得购买！,4,2025-12-04 09:35:30,26,4,2025-12-15 15:12:01
6787511034,0c4e6123b582315a029c6adf40b79be8,京东_ay07kwez,京东_ay07kwez,第一时间试用，性能很强劲，运行大型软件很流畅；散热效果不错，长时间使用也不会很热，物超所值！,5,2025-12-06 17:29:25,31,3,2025-12-15 16:25:56
8163681739,11325f4bac6e6513f7ded7117cf772c8,JD_kq8tvq48,JD_kq8tvq48,对比了好几个品牌，最终选择了这款vivo Y100 18GB+256GB 白色，没有让我失望。性价比都很好，包装也不错。值得购买！,4,2025-12-04 06:32:35,20,4,2025-12-15 20:17:26
8163681739,148bb22848ecc88be06d7da42ada765e,jd_7luqzx,-10in^,手机收到了，外观设计很漂亮，重量适中。运行流畅不卡顿，夜景模式表现很好。一天一充足够使用，送货上门。会推荐给朋友,5,2025-12-04 05:34:55,25,3,2025-12-15 19:13:21
8163681739,d633b73a247fdb1449899814c4e9fbc0,jd_user_mcwtqnewfc,jd_user_mcwtqnewfc,第一时间试用，拍照效果出乎意料的好，夜景也很清晰；电池续航给力，一天一充完全够用，外观设计很时尚，颜色也很正同时屏幕显示效果很细腻，色彩鲜艳，物超所值！,5,2025-12-07 08:10:49,46,5,2025-12-15 19:02:31
8163681739,e992a40a1e73efed4e0ddcec01c4f323,JD_8dczbzb9,JD_8dczbzb9,手机收到了，外观设计很漂亮，拿在手里很有质感。玩游戏很顺畅，夜景模式表现很好。一天一充足够使用，送货上门。物超所值,5,2025-12-07 21:30:41,17,1,2025-12-15 19:58:09
8163681739,fbc338fc0f345f94f5e8e1d8cffb5027,jd_7u6yun,佛系青年,手机收到了，做工精细，拿在手里很有质感。运行流畅不卡顿，拍照效果超出预期。一天一充足够使用，物流很快。物超所值,5,2025-12-08 13:53:53,3,0,2025-12-15 20:42:21
8163681739,b84b27ead6e85922f6e85b2ad8387c3a,jd_cgl63465l4_buyer,jd_cgl63465l4_buyer,手机收到了，颜色很正，重量适中。各种应用打开很快，人像模式背景虚化自然。充电速度很快，送货上门。会推荐给朋友,5,2025-12-07 00:49:29,21,4,2025-12-15 18:47:31
8163681739,5bc1ea58492c4903e7ea6022664cf9b9,jd_30xv439o5cthe2e5,jd_30xv439o5cthe2e5,使用了一段时间，设计格外相当好，另外屏幕非常非常不错会推荐给朋友！,5,2025-12-01 14:56:25,41,4,2025-12-15 19:19:39
8163681739,b82aa8051a9f65fbf3500043df98d461,jd5ipza8mw,jd5ipza8mw,手机用了一段时间，基本满意。性能基本够用，但续航有点短。期待系统优化,2,2025-12-09 14:16:26,4,1,2025-12-15 20:23:23
6969217865,167f358b3f762fb20c54f8705e57aed2,jd_1ho4lzrv,旅行爱好者,使用了一段时间，味道特别令人满意，质地稍微相当好，包装非常令人满意会推荐给朋友！,5,2025-12-07 08:31:24,21,2,2025-12-15 12:04:48
6969217865,12d16b178e78482dcf841a18b29c3e34,jd_vu7gjf,美食家,给家人买的Shiseido 红腰子精华，用着很顺手。功能都符合预期，服务也很合理。好评！,5,2025-12-04 16:17:08,17,2,2025-12-15 12:44:53
6969217865,f421708acba114d37a14d68fb956b750,JD_6uh9jm9l,JD_6uh9jm9l,家电安装使用了一段时间，画面/声音效果出色，运行声音很小。操作简单方便，节能环保。服务态度很好，非常满意,5,2025-12-01 14:41:02,19,5,2025-12-15 14:34:59
6969217865,d86ac15c74646ad976024c4bcdd3acd5,jd_l5uiwwg1,jd_l5uiwwg1,已经使用一周了，这款Shiseido 红腰子精华确实不错。功能表现都很满意，特别是实际效果超出预期。会推荐给朋友的！,5,2025-12-03 19:40:48,41,0,2025-12-15 13:02:13
6969217865,2c9b10d79bbbf8f2105d0835c8deafb6,jd_user_0xcp42aw2u,元气少女,衣服收到了，面料舒适，穿着合身。颜色很正，设计好看。透气性好，非常喜欢,5,2025-12-07 09:28:52,45,0,2025-12-15 13:25:47
6969217865,101cb1431be3207a7ac42e0fbd5d7db3,jd_user_c2v8xbkf7,律师陈先生,食品收到了，包装完好，日期很新鲜。和实体店一样，分量很足。物流很快，家人很喜欢,4,2025-12-07 06:40:23,17,4,2025-12-15 12:02:03
6969217865,465874908bb58a3f387faefc61bb5a3d,jd_rhnsmv,jd_rhnsmv,家电安装使用了一段时间，洗衣/洗碗很干净，静音效果很好。操作简单方便，节能环保。安装师傅很专业，解决了生活需求,5,2025-12-02 01:25:00,48,3,2025-12-15 14:10:55
6969217865,c6e054d3bdda838dff1520527b234f23,京东用户_clz0zo0ae,京东用户_clz0zo0ae,买回来用了几天，功能很实用，操作简单。尺码标准，穿着合身同时电池续航给力，一天一充完全够用，非常满意！,5,2025-12-03 02:08:35,50,4,2025-12-15 12:21:44
6969217865,e56f21d873537936fffe89aa7a83c8a1,jd_xh3hteptlxomp0ys,奶茶控,买回来用了几天，质地非常令人满意，味道十分一流值得购买！,5,2025-12-02 21:33:20,26,4,2025-12-15 14:50:29
6969217865,a601cba9abf5f1cee858d7625e29c373,jd_user_oxzojxg9l,jd_user_oxzojxg9l,设计简约大方，很实用。颜色和图片一致，没有色差而且功能很实用，操作简单。,5,2025-12-03 02:31:33,8,1,2025-12-15 14:36:34
2180508237,5d74574b1ec4c7c97a4c85600db47a2d,jd_v31n7k8xr9wilme9,间谍过家家,家具安装好了，结构稳固，材质环保没有异味。设计简约大方，安装简单方便。物流很快，物超所值,5,2025-12-06 16:37:20,49,3,2025-12-15 23:43:20
2180508237,28107d5edbc2a77e1b8a9d6bef1e81b3,jd_33659756,温柔的小姐姐,家具安装好了，做工精细，实木材质很有质感。很实用，师傅安装很专业。送货上门安装，和家里装修很搭,4,2025-12-03 12:03:49,38,2,2025-12-16 00:32:59
2180508237,bd4bfdac301df614e47d3fba5df794ca,京东用户_6tqqjhes0,北京大爷,收到了，质量很好，做工精细，材质环保，没有异味，物超所值！,4,2025-12-02 09:19:09,36,4,2025-12-15 23:18:57
2180508237,f1f587fd427dfb0052959c19b16f106b,jd_kdi9o4nb5e27phx1,jd_kdi9o4nb5e27phx1,买回来用了几天，尺寸十分完美，质量非常很棒；颜色相当非常不错非常满意！,5,2025-12-02 15:06:02,12,3,2025-12-16 00:23:59
2180508237,cf8f52f679576358fd0cd2ce01c0ad13,jd_user_pkblwd8x1l,jd_user_pkblwd8x1l,家具安装好了，质量很好，材质环保没有异味。很实用，按照说明书就能装好。物流很快，和家里装修很搭,4,2025-12-10 13:53:30,228,12,2025-12-15 23:36:50
2180508237,b6d40922f7bed418e8ae6c62a350a7e8,jd_d3gg0dvrlqj0,皮一下很开心,收到了，安装简单，按照说明书就能装好，材质环保，没有异味，设计简约大方，很实用另外质量很好，做工精细，会推荐给朋友！,5,2025-12-07 02:39:09,29,3,2025-12-15 21:47:25
5719381215,6974cf3b2353d3d7e5f5a604b5c356be,jd_user_lbaezivar,jd_user_lbaezivar,第一时间试用，外观设计很时尚，颜色也很正同时散热效果不错，长时间使用也不会很热，电池续航给力，一天一充完全够用。,5,2025-12-06 11:31:12,11,4,2025-12-15 22:43:11
5719381215,4e44ad24da53d424c865930d35ba0787,jd_xdfo6baiov5fl52n,jd_xdfo6baiov5fl52n,给自己买的SK-II神仙水 30g，很满意。性能都符合预期，价格也很合理。好评！,5,2025-12-05 00:36:24,44,0,2025-12-15 22:39:26
5719381215,d3574b1dd7b6d112bcdea7d018b5d262,jd_ka9homzfcr_buyer,金牛座务实,给朋友买的SK-II神仙水 30g，非常喜欢。外观都符合预期，质量也很合理。好评！,5,2025-12-03 11:47:21,50,1,2025-12-15 22:56:27
5719381215,728ac918d0c1301738fccea8a658d27a,jdz2jibsty,jdz2jibsty,衣服收到了，做工精细，尺码标准。颜色很正，很百搭。活动自如，会回购,5,2025-12-07 11:57:35,49,3,2025-12-15 23:22:58
5719381215,ebc44ea32146c576e1b317dc6d1c543f,jd_lznsfmmjx3jo,jd_lznsfmmjx3jo,收到了，外观设计简约大气，很有质感而且运行声音很小，几乎听不到而且外观设计很时尚，颜色也很正，散热效果不错，长时间使用也不会很热，会推荐给朋友！,5,2025-12-04 15:27:03,25,3,2025-12-15 22:11:35
5719381215,66c7a70545b9751de2cd902a68ac59dc,jd_blw4dozbaeqi,巨蟹座温柔,收到了，性能很强劲，运行大型软件很流畅，外观设计简约大气，很有质感。运行声音很小，几乎听不到，设计简约大方，很实用，物超所值！,5,2025-12-05 21:22:28,22,4,2025-12-15 21:42:58
5719381215,4dedaf237f677ab566974d95ec08a95a,jd_e5bfz93e9b9c,进击的巨人,食品收到了，没有破损，保质期很长。和实体店一样，分量很足。第二天就收到了，会回购,4,2025-12-10 16:26:30,13,3,2025-12-15 21:49:46
5719381215,269e1836bdf8b1d8e28c077d1c2f1161,jd_1d9hpo07ls_buyer,jd_1d9hpo07ls_buyer,第一时间试用，日期很新鲜，保质期很长另外尺码标准，穿着合身。,4,2025-12-02 21:12:35,33,4,2025-12-15 22:28:43
5719381215,7e15854d1fedeed4c02eb536f358db26,jdqtilwo0s,阳光明媚,给家人买的SK-II神仙水 30g，很满意。性能都符合预期，服务也很合理。好评！,5,2025-12-08 06:03:38,35,4,2025-12-15 22:54:53
5719381215,c7f5e626662117a8820f1ae66ce1990e,jd_u8pbwz,jd_u8pbwz,收到了，使用感非常完美；包装有点卓越物超所值！,5,2025-12-05 16:55:31,42,2,2025-12-15 21:05:59
5741737915,dd9a6b2a21718ec6324a0951de248e9d,jd_96ba6usyemw0nrjx,jd_96ba6usyemw0nrjx,给自己买的索菲亚定制衣柜 灰色 皮革，很满意。性能都符合预期，价格也很合理。好评！,5,2025-12-01 02:58:29,28,4,2025-12-15 16:25:02
5741737915,2df1174e4072de0fad61c176bd0aa74e,jd_user_1pbcjow2p,jd_user_1pbcjow2p,使用了一段时间，质量很好，做工精细。设计简约大方，很实用。,5,2025-12-03 02:38:30,0,0,2025-12-15 18:05:49
5741737915,d58e0caa0c3a5b01d5fb22383f2e24af,jd_8odafjltsc_buyer,jd_8odafjltsc_buyer,家具安装好了，结构稳固，材质环保没有异味。颜色搭配很协调，师傅安装很专业。物流很快，和家里装修很搭,5,2025-12-09 12:35:33,0,1,2025-12-15 16:06:54
5741737915,f5b489b3bbbc407cb3a0b7e96bc4d2cc,京东_ih53gugp,旅行爱好者,家具安装好了，结构稳固，材质环保没有异味。设计简约大方，按照说明书就能装好。送货上门安装，和家里装修很搭,4,2025-12-01 16:08:01,20,5,2025-12-15 16:51:37
5741737915,829fc8c0263f76b502ae15020685f4b7,jd_user_363hoqi8fz,柯南侦探,收到了，安装简单，按照说明书就能装好而且质量很好，做工精细；设计简约大方，很实用，会推荐给朋友！,5,2025-12-04 10:33:53,26,1,2025-12-15 17:57:56
5741737915,c3a6c8fbc102a9985e5da8171c51ed4f,jd_33659757,美味鱼肉卷,使用了一段时间，尺寸特别出色，而且材质略微优秀值得购买！,5,2025-12-07 14:03:48,33,1,2025-12-15 17:04:23
1564725570,533c7f44dd5698c05a807f4ce8d65821,jd_user_vmkhvno0r,jd_user_vmkhvno0r,对比了好几个品牌，最终选择了这款Shiseido 红腰子精华 旗舰版，没有让我失望。整体表现都很好，物流速度也不错。值得购买！,5,2025-12-01 03:02:43,31,5,2025-12-15 18:46:59
1564725570,22f56ee21230637f0a7a7ab586dec432,jd388vnbvg,jd388vnbvg,使用了一段时间，使用感略微完美，效果格外令人满意物超所值！,5,2025-12-05 22:41:17,26,4,2025-12-15 19:55:01
1564725570,a3ca2747097e4828f6fe6941f7ebd456,jd_jod5v7dac2yh,巨蟹座温柔,使用了一段时间，味道比较出色，包装比较很棒五星好评！,5,2025-12-08 04:21:48,18,5,2025-12-15 20:55:39
1564725570,f7aaf3aa9145aa3a510da2f74e2814e0,jd_ej0sswvo,鬼灭之刃,给家人买的Shiseido 红腰子精华 旗舰版，用着很顺手。功能都符合预期，质量也很合理。好评！,5,2025-12-01 05:48:04,4,0,2025-12-15 20:36:10
1564725570,869e81698222f689be1c6345fe611f1a,jd_jo2qaj52f6ruxs6p,墨染青衣,味道非常完美，另外包装略微优秀，而且成分十分优秀五星好评！,5,2025-12-02 15:31:10,46,1,2025-12-15 18:59:50
1564725570,406474c470588a4aabf4777ff6d45c3e,jd1fvncehc,摸鱼大师,已经使用一周了，这款Shiseido 红腰子精华 旗舰版确实不错。外观设计都很满意，特别是实际效果超出预期。会推荐给朋友的！,5,2025-12-01 19:33:43,24,4,2025-12-15 19:11:57
1564725570,c1fc2a126d5d625ab8393a9b80cc8950,jd_okt9bwugqd4q,jd_okt9bwugqd4q,家电安装使用了一段时间，洗衣/洗碗很干净，运行声音很小。智能控制很好用，能效等级高。安装师傅很专业，物超所值,5,2025-12-05 04:24:44,31,3,2025-12-15 20:43:55
1564725570,6719171c5ece19ad7af948dee084cc5c,jd_user_68fofh3p8,月光如水,已经使用半个月了，这款Shiseido 红腰子精华 旗舰版确实不错。使用体验都很满意，特别是操作流畅度超出预期。会推荐给朋友的！,5,2025-12-01 08:51:15,37,1,2025-12-15 21:34:26
1564725570,72372e3218b89b7f3f3eb092d6be10f6,JD_bq276l78,江南烟雨,买回来用了几天，安装简单，按照说明书就能装好。外观设计很时尚，颜色也很正另外质量很好，做工精细。设计简约大方，很实用，会推荐给朋友！,5,2025-12-04 21:29:26,41,2,2025-12-15 19:51:27
1564725570,0d3917a1d689fd3745bccf585a58a152,京东用户_tv5mmx2yt,美味鱼肉卷,买回来用了几天，分量很足，性价比高同时尺码标准，穿着合身，非常满意！,5,2025-12-07 14:29:02,45,4,2025-12-15 18:56:59
1564725570,989fdc4693ab039c5090f9085e075985,JD_me9mowmw,JD_me9mowmw,衣服收到了，质量很好，版型很好。颜色和图片一致，款式时尚。穿着很舒服，会回购,5,2025-12-06 12:37:26,37,2,2025-12-15 20:48:22
9207948605,703caeb8ef14a058bee5d2dde8c379b2,jd_9mpl4s,金牛座务实,收到了，安装相当优秀，而且设计特别出色，尺寸十分出色解决了我的需求。,5,2025-12-08 18:31:09,37,4,2025-12-15 20:35:45
9207948605,bcf8d14ccd42d0055778333c8648dccd,jd_qdk1zd,jd_qdk1zd,使用了一段时间，材质环保，没有异味而且安装简单，按照说明书就能装好；质量很好，做工精细另外设计简约大方，很实用，非常满意！,5,2025-12-04 10:53:34,8,4,2025-12-15 21:21:28
9207948605,27eb3c80f162f60b52c0af16334c7903,jd_utcrz802,jd_utcrz802,家具收到了，还算可以。材质还可以，但安装有点复杂。包装还算完好，期待改进细节,3,2025-12-05 18:30:06,20,0,2025-12-15 21:46:34
2845396155,188351c9200ae78ca716a70d39b5d739,jd_lw2zht661mh1,爱喝奶茶,收到了，材质环保，没有异味另外安装简单，按照说明书就能装好同时质量很好，做工精细同时设计简约大方，很实用，会推荐给朋友！,5,2025-12-05 03:51:32,24,2,2025-12-15 19:54:22
2845396155,c41300f54e25ab141b089b6aafef7b85,jd_s1txep4uyqd3y41w,jd_s1txep4uyqd3y41w,家具安装好了，结构稳固，实木材质很有质感。颜色搭配很协调，按照说明书就能装好。包装完好，和家里装修很搭,5,2025-12-07 03:38:24,48,2,2025-12-15 20:29:14
2845396155,965c40b237371769c200d37ebb19155b,jd_lgo0ecrd,天秤座优雅,第一时间试用，安装简单，按照说明书就能装好另外质量很好，做工精细另外设计简约大方，很实用，非常满意！,4,2025-12-09 15:43:06,4,4,2025-12-15 18:35:38
2845396155,1ae144ab6589746da5d732883bd40ffb,jd_gw55jqju,jd_gw55jqju,家具安装好了，做工精细，材质环保没有异味。设计简约大方，师傅安装很专业。送货上门安装，和家里装修很搭,5,2025-12-01 07:33:59,5,3,2025-12-15 17:57:34
2845396155,dec6c7a2173f1b5b59946a8b4b5166fa,jd_x9zy6r93,jd_x9zy6r93,家具安装好了，质量很好，面料舒适。很实用，按照说明书就能装好。送货上门安装，和家里装修很搭,5,2025-12-01 10:37:58,2,2,2025-12-15 20:36:16
2845396155,450a4d364cebe05e5764e8d655f69983,jd_xqd1c9,不想起床,家具安装好了，做工精细，实木材质很有质感。颜色搭配很协调，师傅安装很专业。送货上门安装，和家里装修很搭,4,2025-12-06 20:59:51,3,1,2025-12-15 18:58:51
7848348683,cde25d465e6c92f640a19255e261a39b,jd_ins5mffbbfsn,双鱼座浪漫,使用了一段时间，设计略微很棒；安装十分很好；尺寸比较很棒会推荐给朋友！,5,2025-12-10 02:01:33,21,3,2025-12-15 22:26:52
7848348683,c8c3f5df2c13d955f66f9cdff6efef68,jd_user_x796glf3l,萌萌哒,家具安装好了，质量很好，实木材质很有质感。颜色搭配很协调，师傅安装很专业。物流很快，非常满意,4,2025-12-01 18:34:56,31,5,2025-12-15 21:49:12
7848348683,b35a2735bbbb67b67fe9c1ebcf7ee92c,jd_iy59gu,手机评测师,家具安装好了，做工精细，面料舒适。设计简约大方，师傅安装很专业。送货上门安装，非常满意,4,2025-12-08 06:20:40,11,5,2025-12-15 21:12:02
7848348683,56ff5f6d8ddef9fd0e51481134c904c8,jd_gb8y0g5l,jd_gb8y0g5l,使用了一段时间，材质环保，没有异味而且设计简约大方，很实用。,5,2025-12-10 08:01:20,36,4,2025-12-15 21:30:42
7848348683,e60a7687dad1a3b48967911123565e13,JD_yci7lrts,JD_yci7lrts,家具安装好了，做工精细，材质环保没有异味。设计简约大方，师傅安装很专业。物流很快，和家里装修很搭,5,2025-12-03 17:46:17,45,5,2025-12-15 22:29:24
7848348683,0b7270228dab2bd2683793fa61138e48,jd_33659758,jd_33659758,家具安装好了，结构稳固，面料舒适。很实用，师傅安装很专业。物流很快，非常满意,5,2025-12-05 19:17:22,33,0,2025-12-15 21:19:08
7848348683,71e6d911e58579547b6c345f9fadfac7,jd_v60hmff0mj_buyer,原神启动,第一时间试用，材质环保，没有异味同时质量很好，做工精细，会推荐给朋友！,4,2025-12-03 00:31:17,27,0,2025-12-15 20:48:32
7848348683,ca61933979de38343346990ff0080e1f,jd_oesobrg5oceo,jd_oesobrg5oceo,家具安装好了，做工精细，面料舒适。设计简约大方，安装简单方便。物流很快，物超所值,5,2025-12-10 19:53:34,27,3,2025-12-15 21:28:49
7848348683,34bff31e8119fc8b542672c03b5507ad,JD_p1mx32p2,王者荣耀玩家,材质环保，没有异味，设计简约大方，很实用，非常满意！,5,2025-12-05 20:38:36,48,4,2025-12-15 22:41:39
7848348683,34933f369c7da523375db2cdfa53a3dc,jdl19hhpec,陕西汉子,使用了一段时间，尺寸略微完美；做工有点令人满意非常满意！,5,2025-12-06 12:01:54,23,5,2025-12-15 20:31:51
7848348683,fb67d157d60264c691f61922d2e8f46a,京东_jfg8hne1,京东_jfg8hne1,使用了一段时间，材质环保，没有异味，质量很好，做工精细，会推荐给朋友！,5,2025-12-08 06:52:29,46,1,2025-12-15 22:36:28
4586464347,a9d7dd7a4c2e977bd6efd8a595b31034,jd_8ocxsrsgsaj3,jd_8ocxsrsgsaj3,食品收到了，包装完好，很新鲜。很正宗，分量很足。送货上门，会回购,5,2025-12-04 06:50:51,36,0,2025-12-15 15:22:42
4586464347,debb27d0e9556702b130819d9039ffbd,jd_7xp5kj8z,爱喝奶茶,家电安装使用了一段时间，洗衣/洗碗很干净，静音效果很好。操作简单方便，比较省电。安装师傅很专业，非常满意,4,2025-12-01 19:36:45,37,3,2025-12-15 15:33:16
4586464347,38408f164cf5df157da98fc316e3e2b9,jd_user_9cguvpfbtx,jd_user_9cguvpfbtx,衣服收到了，质量很好，穿着合身。颜色很正，设计好看。穿着很舒服，非常喜欢,4,2025-12-06 14:49:32,41,4,2025-12-15 15:25:31
4586464347,5194ed4482e044c8df593bc7f7ad85af,jd_ax08lt,教师李老师,收到了，总体还可以，基本功能都正常；基本满意，对得起价格，拍照效果日常够用，但夜景表现一般，对得起价格。,3,2025-12-06 05:48:46,19,0,2025-12-15 16:49:35
9723895111,f01dfcb6c3bbd23ccd8155754122eeed,jd_qtwxst9k,jd_qtwxst9k,家电安装使用了一段时间，洗衣/洗碗很干净，静音效果很好。操作简单方便，比较省电。服务态度很好，非常满意,5,2025-12-07 19:31:12,13,4,2025-12-15 22:44:27
9723895111,2b58b74dd2b894fdc9bcc6838f9dd67a,jd_89w0d2,翠竹,家电安装使用了一段时间，画面/声音效果出色，几乎听不到噪音。操作简单方便，能效等级高。服务态度很好，非常满意,5,2025-12-05 19:19:58,37,4,2025-12-15 22:24:24
9723895111,1bb33eba2e22ead9a3bdf427072a56ac,jd_o45rosrgbmn8y59s,电影迷,手机用了一段时间，对得起价格。性能基本够用，但续航有点短。期待系统优化,3,2025-12-03 11:02:29,0,2,2025-12-15 23:01:16
9723895111,84661d46b9d3afe4fcfb0add97e5d0ff,京东_ds3ptm2t,月光如水,制冷/制热效果很好，很快就达到舒适温度；功能很实用，操作简单；运行声音很小，几乎听不到，会推荐给朋友！,5,2025-12-06 15:46:14,13,5,2025-12-15 23:09:25
9723895111,8f0a75f34e172ed690b0493cd7a451b9,jd7mmfjv5t,咖啡爱好者,买回来用了几天，制冷/制热效果很好，很快就达到舒适温度。功能很实用，操作简单，会推荐给朋友！,4,2025-12-02 20:45:04,34,0,2025-12-15 23:17:12
9723895111,a56288313453ce6296953487c54bbc03,jd_ul1bjjsytmlr,小可爱,已经使用一周了，这款Panasonic 洗衣机XQG确实不错。使用体验都很满意，特别是操作流畅度超出预期。会推荐给朋友的！,5,2025-12-01 07:52:40,39,2,2025-12-15 23:17:54
9723895111,14058631dbddf2559ff2c01e3f5b30e2,jd_user_wjym317it,jd_user_wjym317it,家电安装使用了一段时间，制冷/制热效果很好，几乎听不到噪音。功能很实用，节能环保。安装很快，解决了生活需求,5,2025-12-02 18:28:27,49,3,2025-12-15 21:02:35
9723895111,7ddba9b4fc658ac8b2d452a90dd88b09,JD_thi4erhv,JD_thi4erhv,制冷/制热效果很好，很快就达到舒适温度，运行声音很小，几乎听不到；功能很实用，操作简单，物超所值！,5,2025-12-07 08:08:48,44,1,2025-12-15 21:57:17
7541979775,0c2e7218af6c9ee12ad089a9b70ed3e3,jd_33659759,jd_33659759,家具安装好了，结构稳固，面料舒适。颜色搭配很协调，师傅安装很专业。物流很快，非常满意,5,2025-12-03 21:35:21,31,1,2025-12-15 21:39:19
7541979775,dd69d07a51b40d459c510870db4c73bf,jd_12ziqz,四川妹子,家具安装好了，质量很好，面料舒适。颜色搭配很协调，安装简单方便。物流很快，物超所值,5,2025-12-05 10:58:14,24,5,2025-12-15 20:28:45
7541979775,389e5ec6de77f0bb6fa6c268d15ad4c8,jdsf2n7f0k,音乐爱好者,做工特别过得去，另外颜色格外基本满意，另外设计相当一般。,3,2025-12-01 23:42:17,7,3,2025-12-15 20:34:38
7541979775,c6ae52feb104f19a94bf584927409f1f,jd_user_s37of063rx,jd_user_s37of063rx,使用了一段时间，安装简单，按照说明书就能装好同时材质环保，没有异味；质量很好，做工精细而且设计简约大方，很实用，会推荐给朋友！,5,2025-12-09 17:25:29,7,0,2025-12-15 23:00:27
1811771714,6675fd8eb7a877d8a6d825bba57f5bb5,jd_ek9gxgn25n4c8stk,你个大菠萝,电脑包装很严实，外观设计简约大气。处理大型软件流畅，色彩鲜艳准确。散热效果很好，背光效果很酷。物流很快，性价比很高,4,2025-12-03 16:05:32,267,15,2025-12-15 23:45:39
1811771714,b32644fc9c2d1ab177bdbb695537374c,jd_msst6ocf,陕西汉子,电脑包装很严实，外观设计简约大气。运行速度很快，色彩鲜艳准确。散热效果很好，打字很舒服。包装完好无损，非常满意的一次购物,5,2025-12-05 21:14:32,11,5,2025-12-15 22:28:49
1811771714,ee8b47e4ca17d4f3a96eb5fd78e3b6b9,jd_user_vv5mj5caxx,jd_user_vv5mj5caxx,电脑包装很严实，做工精致。运行速度很快，色彩鲜艳准确。散热效果很好，打字很舒服。包装完好无损，性价比很高,4,2025-12-01 13:48:37,6,2,2025-12-15 22:46:13
8741551661,d9137189dba0b276aec27cba92fbbc38,JD_nlv217tf,JD_nlv217tf,音质略微相当好，连接比较很棒；设计比较卓越五星好评！,5,2025-12-05 19:01:59,46,1,2025-12-15 22:39:21
8741551661,d6513a8089a6f471ca4e74591794f203,JD_b9z94772,间谍过家家,家具收到了，还算可以。材质还可以，但有些细节处理不够好。物流速度一般，建议优化安装流程,3,2025-12-01 13:08:55,13,0,2025-12-15 23:40:14
8741551661,b5687bb8a579fb7f91e1f9b0588c881e,jd_1mvuw502m6_buyer,流年似水,使用了一段时间，安装有点复杂，需要两个人配合另外电池续航中规中矩，一天需要充一次电。拍照效果日常够用，但夜景表现一般，对得起价格。,3,2025-12-01 16:06:28,16,2,2025-12-15 21:51:16
8741551661,e990b4feba36f9e3e8fc5bf1dc31b4a6,jd2tvob1at,水果摊主,食品收到了，包装完好，日期很新鲜。很正宗，性价比高。送货上门，会回购,5,2025-12-05 14:26:43,41,5,2025-12-15 22:07:46
6990211541,43c428a123b9c188d537c3605104ef22,tb_x5oolhff93v,tb_x5oolhff93v,手机用了一段时间，对得起价格。性能基本够用，但续航有点短。希望续航能更好,3,2025-12-03 08:53:00,8,0,2025-12-15 22:51:41
6990211541,b537b12ba401bb6ffc13fde6330ee258,tb_21h94xe85q21,tb_21h94xe85q21,买回来用了几天，系统格外非常不错，设计格外很好物超所值！,5,2025-12-04 00:46:09,33,4,2025-12-15 22:37:26
6990211541,d567253470c1451cd3d766084600401d,tb_byne0cx,tb_byne0cx,给朋友买的一加12 4GB+256GB 红色，用着很顺手。外观都符合预期，服务也很合理。好评！,5,2025-12-03 03:40:13,45,4,2025-12-15 21:47:04
6990211541,3ae46931646ce675d3c2b53fdb535e89,tb_v74ixjceu3p6,tb_v74ixjceu3p6,手机收到了，外观设计很漂亮，重量适中。各种应用打开很快，拍照效果超出预期。一天一充足够使用，送货上门。非常满意,5,2025-12-10 03:26:54,6,4,2025-12-15 21:32:09
6990211541,e00cc426421b9ff16b522e48000f6243,tbuser_gjzu5oqw3,tbuser_gjzu5oqw3,使用体验中规中矩，好的地方和不足都比较明显。价格方面还算合理，可以试试。,3,2025-12-10 17:53:51,20,2,2025-12-15 20:16:46
6990211541,0555691c41548dc4095189edb6d7d6d8,tbuser_b4qhqtoum,tbuser_b4qhqtoum,第一时间试用，电池续航极差，半天就没电了另外用了几天就出现问题了，非常失望。,1,2025-12-10 05:37:22,9,2,2025-12-15 22:50:41
6482358328,eb1cd7333174ba7822bab540b42833b5,tbuser_d2xitd16u,tbuser_d2xitd16u,已经使用一周了，这款OPPO A3 Pro 12GB+64GB 银色确实不错。外观设计都很满意，特别是实际效果超出预期。会推荐给朋友的！,5,2025-12-01 01:54:42,12,3,2025-12-15 15:18:30
6482358328,885c057414661cf733285c0a60bcd127,buyer_rkk4ug5va,摸鱼大师,续航相当相当好，屏幕特别很棒，另外设计比较相当好物超所值！,5,2025-12-04 22:32:32,27,5,2025-12-15 15:52:44
6482358328,24db6b44402b0a14bf55aad09bb27633,tbuser_xzr9fedi9,处女座完美,手机收到了，颜值很高，拿在手里很有质感。运行流畅不卡顿，拍照效果超出预期。电池续航给力，包装完好。非常满意,5,2025-12-03 05:02:55,32,3,2025-12-15 15:10:54
6482358328,004e47db6b9e2ad3753c847b7f3d4d7d,tb_6wbu9gbqjqn,tb_6wbu9gbqjqn,对比了好几个品牌，最终选择了这款OPPO A3 Pro 12GB+64GB 银色，没有让我失望。性价比都很好，包装也不错。值得购买！,5,2025-12-07 07:02:29,5,0,2025-12-15 14:39:16
6482358328,3356c3fb12cd7180ae9a55b3c2b47955,tb_sctm7tl20h36,甜心宝贝,手机收到了，颜值很高，重量适中。运行流畅不卡顿，人像模式背景虚化自然。一天一充足够使用，物流很快。非常满意,5,2025-12-05 20:08:13,20,3,2025-12-15 15:49:34
6482358328,a850fca8fcaee600de26e481ae41c782,淘宝用户_41c1srne,面包师傅,买回来用了几天，拍照效果出乎意料的好，夜景也很清晰，外观设计很时尚，颜色也很正，会推荐给朋友！,4,2025-12-07 22:49:40,1,4,2025-12-15 15:37:05
6482358328,a25312d0f7ebeb667f020a2b544c60cb,tb_egslejw0fupg,电脑装机大师,屏幕非常很棒，另外系统略微令人满意，外观非常很好非常满意！,5,2025-12-09 14:07:34,7,5,2025-12-15 15:05:53
6482358328,d50970d4bcf341ea30cb9045b7fc9453,taobao_user_1ptm1m5,taobao_user_1ptm1m5,拍照效果略微令人满意，另外屏幕十分完美，系统格外令人满意五星好评！,5,2025-12-08 18:12:48,8,5,2025-12-15 15:29:30
6482358328,f529e85d8b7433f4f466170d31217c2b,淘宝用户_uj3tg9p8,淘宝用户_uj3tg9p8,家具收到了，对得起价格。基本功能满足，但安装有点复杂。包装还算完好，建议优化安装流程,2,2025-12-02 04:39:32,1,2,2025-12-15 15:27:00
6482358328,7776f2cf30715f560e600f98ee8f8cd7,user_uyi3ldc3,翠竹,收到了，续航略微完美；拍照效果有点卓越；系统略微非常不错会推荐给朋友！,4,2025-12-06 06:17:41,42,4,2025-12-15 15:21:48
6252864113,1a25a78aac8bdb8ca84499f93c3d3f5e,taobao_1g2anjxa,taobao_1g2anjxa,买回来用了几天，基本满意，对得起价格；安装有点复杂，需要两个人配合，对得起价格。,3,2025-12-05 22:15:34,13,2,2025-12-15 14:38:12
6252864113,1bddb1e65489106d43b91b941836f206,tb_aluxhjg,数码发烧友,使用了一段时间，质量很好，做工精细同时设计简约大方，很实用，非常满意！,5,2025-12-08 05:19:09,6,4,2025-12-15 15:25:23
6252864113,3d8ee48361f5108e0696493e8b05c70e,tb_tzrezz0g35ng,秋月无边,家具安装好了，做工精细，面料舒适。很实用，师傅安装很专业。包装完好，物超所值,5,2025-12-09 02:43:40,18,3,2025-12-15 13:12:22
6252864113,1402e049871b26ce5caf8c0031b87a83,t_33659760,t_33659760,买回来用了几天，安装简单，按照说明书就能装好而且质量很好，做工精细，非常满意！,4,2025-12-04 07:49:52,41,1,2025-12-15 15:12:20
6252864113,8f86fe8ed81cb5025b732c6eda3f6ae2,user_mhn90uk5vn,不想起床,收到了，质量比较出色；设计有点令人满意五星好评！,5,2025-12-05 10:14:35,48,5,2025-12-15 14:09:34
6252864113,487bfa8b18f24d906874a7d31977394d,tb_gh8aoeo,程序员小哥,收到了，拍照效果很差，和宣传完全不符。电池续航极差，半天就没电了而且用了几天就出现问题了，非常失望，要求退货！,1,2025-12-03 08:41:40,6,0,2025-12-15 13:57:00
6252864113,24973b91545405b6cee7ad4a97f9d285,tb_77jfbn5,tb_77jfbn5,第一次使用就发现明显缺陷，质量极差。寻求解决也态度恶劣。上当受骗！,1,2025-12-04 10:31:33,1,0,2025-12-15 13:00:53
6252864113,56ca7edcea0c2ecee96b83ae9e67f6db,user_cgqzstcw,外卖骑手,第一时间试用，材质环保，没有异味另外设计简约大方，很实用。质量很好，做工精细，会推荐给朋友！,4,2025-12-01 20:14:40,20,3,2025-12-15 12:39:46
6252864113,7e22b5e14f85ba518d12dd4d55ed1a92,tb_buyer_zw039e,狗狗守护者,买回来用了几天，质量很好，做工精细另外设计简约大方，很实用，非常满意！,4,2025-12-02 14:27:30,49,3,2025-12-15 13:42:47
6252864113,76b0f89234124ff2fc61cc857e85ce80,taobao_n2s9tsx0,夏日清风,买回来用了几天，设计相当完美；颜色有点出色，安装格外非常不错物超所值！,5,2025-12-09 03:18:17,38,0,2025-12-15 12:46:54
6867251306,f0a549a1cef37bf2d380e8b074628c46,淘宝用户_nktm98y4,淘宝用户_nktm98y4,手机用了一段时间，总体还可以。性能基本够用，但续航有点短。希望价格更优惠,3,2025-12-03 01:54:02,14,2,2025-12-15 15:02:32
6867251306,cc05a7992ee738610b526e134df3d2de,淘宝用户_ygvdhdte,射手座自由,对比了好几个品牌，最终选择了这款iQOO 11S 6GB+1024GB 粉色，没有让我失望。性价比都很好，售后服务也不错。值得购买！,5,2025-12-05 12:52:40,46,3,2025-12-15 15:33:56
6867251306,dfb75091ae490088bcfbffafdcaea12f,tb_q366dlt4gkn,进击的巨人,收到了，屏幕非常一流；性能非常优秀非常满意！,5,2025-12-05 15:48:59,8,0,2025-12-15 15:48:10
6867251306,59a35a266f2f50ab5cbe4ae458c7ea85,tb_k31xme1iq7tf,熬夜冠军,买回来用了几天，屏幕有点优秀；外观格外很棒，另外相机特别令人满意物超所值！,5,2025-12-03 04:48:42,25,4,2025-12-15 16:32:13
6867251306,25524559366d3b97798478a4f20a4e85,user_p5qr0np772,北京大爷,手机收到了，做工精细，握持感舒适。玩游戏很顺畅，人像模式背景虚化自然。一天一充足够使用，包装完好。物超所值,4,2025-12-10 03:10:46,41,3,2025-12-15 15:21:09
6867251306,c537d8fcc2b0dc8ddd442c15c21917e0,淘宝用户_9t73vjm4,淘宝用户_9t73vjm4,手机用了一段时间，基本满意。拍照日常足够，但续航有点短。期待系统优化,3,2025-12-09 04:59:12,11,3,2025-12-15 15:50:25
6867251306,79e5958d1e186461dbc1097f059c5f92,tb_6dn7ua6j1ped,旅行爱好者,手机收到了，外观设计很漂亮，重量适中。运行流畅不卡顿，夜景模式表现很好。一天一充足够使用，物流很快。非常满意,4,2025-12-09 19:45:19,26,1,2025-12-15 16:52:40
6867251306,739196e1620638752d8a7d47229af205,tb_cb7uouy,tb_cb7uouy,运行非常流畅，玩游戏也不会卡顿；屏幕显示效果很细腻，色彩鲜艳而且电池续航给力，一天一充完全够用，会推荐给朋友！,4,2025-12-01 12:24:37,6,4,2025-12-15 15:46:01
6441327369,6db7c5a62e0a6c5a7bb2cf5537d16d76,user_2ajj6nag,巨蟹座温柔,买回来用了几天，屏幕显示效果很好，色彩准确另外外观设计简约大气，很有质感，非常满意！,5,2025-12-01 15:02:21,38,1,2025-12-15 21:51:07
6441327369,8a2f17fda94c71e4a2f4e941a2725369,淘宝用户_w451t7b2,淘宝用户_w451t7b2,买回来用了几天，屏幕有点非常不错；散热十分非常不错；键盘特别一流会推荐给朋友！,5,2025-12-04 13:31:05,8,2,2025-12-15 19:52:17
6441327369,c23fd0e6670a26c12a9dfbcfac4abe57,user_fuubx7us,天秤座优雅,使用了一段时间，续航特别非常不错，性能比较出色，散热十分完美非常满意！,5,2025-12-02 18:29:58,164,18,2025-12-15 21:00:06
6441327369,5e4d8e4b0d50941f43a069614c4cce38,taobao_user_9h63bnu,taobao_user_9h63bnu,电脑包装很严实，外观设计简约大气。多任务处理无压力，屏幕显示效果细腻。长时间使用也不发烫，背光效果很酷。物流很快，会推荐给同事,5,2025-12-05 17:42:04,17,4,2025-12-15 22:32:58
6763365927,e817b2d712f38bdfc6d203e37333be76,taobao_y1vho96q,崩坏三舰长,拍照效果出乎意料的好，夜景也很清晰同时电池续航给力，一天一充完全够用。,5,2025-12-10 09:30:22,13,4,2025-12-15 16:45:50
6763365927,3e7b4e926517ad8c415fb88b33dfa5a8,taobao_euhbefvq,taobao_euhbefvq,对比了好几个品牌，最终选择了这款小米Civi 4 4GB+128GB 紫色，没有让我失望。整体表现都很好，售后服务也不错。值得购买！,5,2025-12-01 23:00:38,6,5,2025-12-15 18:28:39
6763365927,50d162035ff777c933f307382819edb3,taobao_user_vhmb36z,梅花,买回来用了几天，运行非常流畅，玩游戏也不会卡顿另外屏幕显示效果很细腻，色彩鲜艳。电池续航给力，一天一充完全够用而且外观设计很时尚，颜色也很正，物超所值！,5,2025-12-04 09:50:48,41,0,2025-12-15 17:32:00
6763365927,8827a10c3e0befd428e30cdd356b0e48,tb_zidubkwegj4,摄影爱好者,续航比较非常不错，另外拍照效果相当很棒解决了我的需求。,5,2025-12-10 05:59:06,30,5,2025-12-15 16:14:32
6763365927,64b1d403d1edec00451c54abaac0b67f,user_1vfhukwn,user_1vfhukwn,第一时间试用，运行非常流畅，玩游戏也不会卡顿另外屏幕显示效果很细腻，色彩鲜艳。电池续航给力，一天一充完全够用而且外观设计很时尚，颜色也很正。,5,2025-12-02 11:54:45,18,1,2025-12-15 17:15:55
6763365927,4eb157fb376697fc3b2e6a5cc9fbba0d,taobao_22p4gypw,美味鱼肉卷,拍照效果出乎意料的好，夜景也很清晰而且电池续航给力，一天一充完全够用，非常满意！,4,2025-12-09 12:20:05,42,4,2025-12-15 18:02:00
6763365927,a3134694a90f7ded233127709cd3fed4,tb_r515vhxn3ug,tb_r515vhxn3ug,给朋友买的小米Civi 4 4GB+128GB 紫色，非常喜欢。性能都符合预期，质量也很合理。好评！,5,2025-12-08 09:14:47,34,3,2025-12-15 17:57:37
6763365927,85ef1c14f5a064c738ff58a9b0d55bce,t_33659761,t_33659761,收到了，运行非常流畅，玩游戏也不会卡顿同时拍照效果出乎意料的好，夜景也很清晰；电池续航给力，一天一充完全够用，非常满意！,5,2025-12-05 09:45:40,27,3,2025-12-15 16:59:49
6763365927,8d1177c8738146838b85d31534c523e5,tb_y947chfl14ku,tb_y947chfl14ku,买回来用了几天，运行非常流畅，玩游戏也不会卡顿同时拍照效果出乎意料的好，夜景也很清晰同时外观设计很时尚，颜色也很正，电池续航给力，一天一充完全够用。,4,2025-12-05 00:50:43,40,2,2025-12-15 16:52:29
6988379018,babe369a6f9b897111d43dc35bea2dba,tb_wvrlutz73smu,墨染青衣,第一时间试用，颜色和图片一致，没有色差；外观设计简约大气，很有质感另外拍照效果出乎意料的好，夜景也很清晰；安装简单，按照说明书就能装好，物超所值！,5,2025-12-05 02:49:37,46,5,2025-12-15 19:19:49
6988379018,8ca7dc500fabdef04c7e72abb06e584c,tb_unfqkf6lmav,火影忍者,收到了，运行声音很小，几乎听不到；拍照效果出乎意料的好，夜景也很清晰同时材质环保，没有异味同时电池续航给力，一天一充完全够用，物超所值！,5,2025-12-03 12:23:38,30,0,2025-12-15 18:13:37
6988379018,85649f9340f5e2d1c986dbc4cf319203,tb_buyer_patmg1,电影迷,衣服收到了，面料舒适，穿着合身。颜色和图片一致，很百搭。穿着很舒服，会回购,4,2025-12-03 14:36:15,49,2,2025-12-15 18:40:18
6988379018,6272f1382bca3f669b0deea0314fd8e0,tb_mk4ewylhky27,tb_mk4ewylhky27,Florasis 散粉用着还行，没有太大惊喜。部分细节还有改进空间，但总体可以接受。,3,2025-12-10 09:56:05,20,3,2025-12-15 17:30:27
6988379018,5013f645f754139a2420084714c2c0bd,user_pc8zmg91,面包师傅,电池续航中规中矩，一天需要充一次电而且总体还可以，基本功能都正常。基本满意，对得起价格，总体还可以。,3,2025-12-03 14:13:57,16,0,2025-12-15 19:22:13
6332014688,2215e4711044ba963ff5f85af8f6f93a,tbuser_v962vmpaq,天蝎座神秘,收到了，性能很强劲，运行大型软件很流畅同时外观设计简约大气，很有质感，散热效果不错，长时间使用也不会很热，非常满意！,4,2025-12-02 03:11:49,26,1,2025-12-15 17:23:12
6332014688,81199ee99aa596b5b60692d2607f39d3,tb_7ziavbsm7mm4,tb_7ziavbsm7mm4,电脑包装很严实，做工精致。运行速度很快，高刷新率很流畅。风扇声音很小，键盘手感舒适。包装完好无损，会推荐给同事,4,2025-12-10 12:52:55,18,4,2025-12-15 16:56:49
6332014688,af02e23f577480c782fee6e734632982,tb_3r7uo7cf7bho,青松,电脑包装很严实，金属机身很有质感。处理大型软件流畅，高刷新率很流畅。散热效果很好，键盘手感舒适。送货上门，非常满意的一次购物,5,2025-12-02 07:46:37,17,5,2025-12-15 16:40:29
6332014688,e08b7e2cd10f9c65f49678004f8ee132,tb_v9trrgp8sw5g,狮子座霸气,电脑包装很严实，做工精致。处理大型软件流畅，高刷新率很流畅。风扇声音很小，背光效果很酷。物流很快，性价比很高,5,2025-12-07 01:18:50,42,3,2025-12-15 16:42:17
6332014688,bfb9115dbc4270a6f20fe9f5e18ee746,taobao_nlvsfj1m,taobao_nlvsfj1m,已经使用一个月了，这款联想拯救者Y9000P i7-13700H 64GB 2048GB RTX 4060确实不错。外观设计都很满意，特别是操作流畅度超出预期。会推荐给朋友的！,4,2025-12-10 12:24:56,10,4,2025-12-15 19:01:48
6332014688,81af5584e1c859699538bc9a1dcf2b9e,user_32564kfv,user_32564kfv,使用了一段时间，屏幕特别很棒，另外性能格外出色，续航特别令人满意非常满意！,5,2025-12-05 18:32:12,41,1,2025-12-15 17:57:37
6138505444,b1a1f2cb46b27ed100575a2d8a81f893,tb_buyer_g7frnm,tb_buyer_g7frnm,制冷/制热效果很好，很快就达到舒适温度而且运行声音很小，几乎听不到而且功能很实用，操作简单。,5,2025-12-07 19:14:18,21,4,2025-12-15 19:53:01
6138505444,49998d76e43de0a4ab804d82ec642848,tb_buyer_bzs9hb,梅花,制冷/制热效果很好，很快就达到舒适温度；功能很实用，操作简单；运行声音很小，几乎听不到，非常满意！,5,2025-12-07 16:33:21,31,0,2025-12-15 21:35:12
6138505444,57752b851cfd6ad5d73712d860506a22,tbuser_9liojyh2h,tbuser_9liojyh2h,已经使用一周了，这款TCL空调KFR- 300L升 节能确实不错。功能表现都很满意，特别是实际效果超出预期。会推荐给朋友的！,5,2025-12-05 19:16:51,16,4,2025-12-15 20:24:23
6138505444,84a4eb03e4650871317115254e0fafa2,user_bif6ab9v,摄影爱好者,使用了一段时间，制冷/制热效果很好，很快就达到舒适温度另外功能很实用，操作简单。,5,2025-12-04 05:36:09,43,4,2025-12-15 20:38:47
6138505444,a26c7c829e43fc2689d9be25924e37da,user_md3oihzjdu,user_md3oihzjdu,给家人买的TCL空调KFR- 300L升 节能，非常喜欢。性能都符合预期，服务也很合理。好评！,5,2025-12-07 17:30:50,13,1,2025-12-15 20:57:53
6138505444,89fd900a0c32f60c1e2ecd0b054a70a8,淘宝用户_oxtoy59t,夏日清风,家电安装使用了一段时间，制冷/制热效果很好，运行声音很小。操作简单方便，比较省电。安装师傅很专业，解决了生活需求,5,2025-12-08 19:34:19,38,4,2025-12-15 20:15:32
6138505444,15bc803dac9bf0df06763f717fd7d1cf,tb_omqyybh,tb_omqyybh,使用了一段时间，操作十分卓越，而且噪音略微卓越会推荐给朋友！,5,2025-12-07 03:00:32,24,3,2025-12-15 21:50:10
6138505444,1977d2a59c336ab8649c00e4d4c6c96f,淘宝用户_xijvkuff,烧烤专家,已经使用一个月了，这款TCL空调KFR- 300L升 节能确实不错。功能表现都很满意，特别是操作流畅度超出预期。会推荐给朋友的！,4,2025-12-04 12:54:57,8,5,2025-12-15 20:46:43
6138505444,aa9abaea4b0c6e95d2eb85f23fa23513,tbuser_zl8khqa1v,翠竹,使用体验平平常常，优点和缺点都比较明显。综合表现还算合理，值得考虑。,3,2025-12-08 18:53:41,16,0,2025-12-15 20:16:18
6046246017,00a04e5ff952dfca96e46c66b162036d,淘宝用户_rmu64h16,阳光明媚,使用了一段时间，屏幕显示效果很细腻，色彩鲜艳另外外观设计很时尚，颜色也很正；拍照效果出乎意料的好，夜景也很清晰同时电池续航给力，一天一充完全够用，非常满意！,5,2025-12-08 23:51:14,24,1,2025-12-15 20:40:17
6046246017,0106ff7bbfe8f8203e94abe6d2e5c82f,user_ms42lny5,user_ms42lny5,买回来用了几天，运行非常流畅，玩游戏也不会卡顿同时屏幕显示效果很细腻，色彩鲜艳而且拍照效果出乎意料的好，夜景也很清晰，电池续航给力，一天一充完全够用，物超所值！,5,2025-12-07 17:09:23,43,2,2025-12-15 19:37:09
6046246017,e789138d02871ba72fe47fa6d33cfa29,tb_buyer_coky7u,新疆姑娘,手机用了一段时间，对得起价格。性能基本够用，但充电速度一般。希望价格更优惠,3,2025-12-09 01:07:28,17,2,2025-12-15 20:58:56
6046246017,8c6c8f7fb0321fa1a00e9fd599d122f8,tb_0uj7c3kmr47,处女座完美,已经使用半个月了，这款华为nova 12 12GB+128GB 黑色确实不错。功能表现都很满意，特别是操作流畅度超出预期。会推荐给朋友的！,5,2025-12-10 10:06:16,43,0,2025-12-15 20:00:19
6046246017,d0aac6e184f88e9be1b1548ffdf55b57,tb_wve5yfg8i6e0,tb_wve5yfg8i6e0,已经使用一周了，这款华为nova 12 12GB+128GB 黑色确实不错。功能表现都很满意，特别是操作流畅度超出预期。会推荐给朋友的！,5,2025-12-04 08:41:36,35,0,2025-12-15 20:27:50
6046246017,d81d4ee697027b10b29e0324ae6e3468,淘宝用户_2duiolhs,淘宝用户_2duiolhs,使用了一段时间，系统相当一流，而且屏幕有点令人满意解决了我的需求。,5,2025-12-05 06:00:03,14,5,2025-12-15 20:27:03
6046246017,0955b191b3ad7b76062dc4fe04e7d84d,taobao_user_6cmjd5u,taobao_user_6cmjd5u,手机收到了，做工精细，拿在手里很有质感。各种应用打开很快，人像模式背景虚化自然。电池续航给力，包装完好。非常满意,5,2025-12-09 23:11:36,49,4,2025-12-15 20:35:35
6046246017,a50a7ea9a40b1592854579b942c58a8d,tb_aphhan5,美食家,家具收到了，对得起价格。外观设计不错，但有些细节处理不够好。物流速度一般，期待改进细节,2,2025-12-09 04:45:33,6,2,2025-12-15 20:42:42
6046246017,4521d66d96c51030d5c873118019df7e,t_33659762,t_33659762,手机收到了，颜色很正，拿在手里很有质感。各种应用打开很快，夜景模式表现很好。电池续航给力，包装完好。物超所值,5,2025-12-05 17:40:24,38,2,2025-12-15 19:40:43
6046246017,bea8bf7650934100beaf6afec308ddf8,tb_f0arqup,电脑装机大师,手机收到了，做工精细，重量适中。运行流畅不卡顿，夜景模式表现很好。电池续航给力，送货上门。会推荐给朋友,5,2025-12-08 14:18:51,42,0,2025-12-15 19:43:47
6046246017,b99f2117fd76aadbe0e6bfd7178d5eba,taobao_ta6sapsh,taobao_ta6sapsh,使用了一段时间，运行非常流畅，玩游戏也不会卡顿，电池续航给力，一天一充完全够用，物超所值！,5,2025-12-06 06:48:09,26,4,2025-12-15 18:57:49
6442917389,6d7dd0889369da6f37dcfa06f1387fe0,tb_u0ory0f,爱喝奶茶,手机收到了，做工精细，重量适中。运行流畅不卡顿，人像模式背景虚化自然。充电速度很快，包装完好。非常满意,4,2025-12-06 04:18:49,23,2,2025-12-15 15:28:42
6442917389,8ae2c00329c77613342c029e59a5de72,tb_bic9db0,tb_bic9db0,收到了，屏幕显示效果很细腻，色彩鲜艳。运行非常流畅，玩游戏也不会卡顿；外观设计很时尚，颜色也很正而且电池续航给力，一天一充完全够用，非常满意！,5,2025-12-05 19:29:17,42,3,2025-12-15 14:53:13
6442917389,1c2aef2ffdd61aa57be84d8078dc234c,buyer_k707gdzl8,buyer_k707gdzl8,买回来用了几天，运行非常流畅，玩游戏也不会卡顿而且外观设计很时尚，颜色也很正，拍照效果出乎意料的好，夜景也很清晰，电池续航给力，一天一充完全够用，会推荐给朋友！,4,2025-12-01 11:12:52,21,5,2025-12-15 14:18:38
6442917389,8b3549bda972a692c3e1a8fca087a493,tb_axjry4p,tb_axjry4p,给自己买的OPPO Find X7 8GB+256GB 银色，非常喜欢。外观都符合预期，价格也很合理。好评！,5,2025-12-01 01:43:46,40,4,2025-12-15 15:04:21
6442917389,6143c28349090dfdbb77602ad630c4c7,taobao_user_s52qigq,taobao_user_s52qigq,已经使用一个月了，这款OPPO Find X7 8GB+256GB 银色确实不错。外观设计都很满意，特别是做工细节超出预期。会推荐给朋友的！,5,2025-12-04 07:54:35,8,5,2025-12-15 15:34:15
6442917389,b14887983302314f64f5aa9ba316f8c1,淘宝用户_bogai668,北国风光,给朋友买的OPPO Find X7 8GB+256GB 银色，很满意。性能都符合预期，服务也很合理。好评！,4,2025-12-07 21:23:31,17,3,2025-12-15 14:41:21
6442917389,36b62e6b81bbef03e1ab5d8df6a852b7,tb_buyer_hmb9ck,tb_buyer_hmb9ck,给朋友买的OPPO Find X7 8GB+256GB 银色，用着很顺手。功能都符合预期，服务也很合理。好评！,4,2025-12-09 23:03:19,13,0,2025-12-15 15:08:43
6442917389,76c5e02ef5a7d1f25c48a7e912922cf1,tbuser_sjuw7j332,梅花,手机收到了，外观设计很漂亮，重量适中。运行流畅不卡顿，夜景模式表现很好。电池续航给力，包装完好。非常满意,4,2025-12-03 15:31:40,39,2,2025-12-15 14:56:58
6442917389,cd967092d3d544d4d13671387fde27a3,user_8hyyeoijxu,user_8hyyeoijxu,运行非常流畅，玩游戏也不会卡顿，电池续航给力，一天一充完全够用，物超所值！,5,2025-12-08 02:56:48,36,4,2025-12-15 15:45:09
6442917389,b1c877173c7a32867fbc8e3f1937d7d5,taobao_lnw2r4k5,taobao_lnw2r4k5,买回来用了几天，屏幕显示效果很细腻，色彩鲜艳。拍照效果出乎意料的好，夜景也很清晰，非常满意！,4,2025-12-03 07:38:21,0,4,2025-12-15 15:28:08
6442917389,a4f90f42de3ee523de84d34eecc47b6c,tb_18uqhraqyt6,咖啡爱好者,收到了，外观格外完美，另外系统比较非常不错值得购买！,5,2025-12-08 10:46:05,2,1,2025-12-15 15:53:25
6442917389,1419871de3aa45a5b42db21482c6a94c,buyer_5br57o213,buyer_5br57o213,手机收到了，外观设计很漂亮，拿在手里很有质感。玩游戏很顺畅，人像模式背景虚化自然。电池续航给力，包装完好。物超所值,5,2025-12-08 01:25:00,44,1,2025-12-15 13:56:28
6617711053,fa2a3e1969e68711b58132a300f4989e,tb_e96zl440uih,tb_e96zl440uih,使用了一段时间，安装简单，按照说明书就能装好。质量很好，做工精细同时设计简约大方，很实用，物超所值！,5,2025-12-02 23:37:15,47,2,2025-12-15 15:06:34
6617711053,f43306fbae1498b51a931b09ce8821b9,tb_yh3vb9we9eqc,温柔的小姐姐,对比了好几个品牌，最终选择了这款顾家功能沙发 白色 金属，没有让我失望。用户体验都很好，包装也不错。值得购买！,5,2025-12-05 02:01:59,31,5,2025-12-15 12:12:13
6617711053,e9526474d36e228d50070a5c4eab77f5,tb_buyer_ekm946,爱喝奶茶,对比了好几个品牌，最终选择了这款顾家功能沙发 白色 金属，没有让我失望。性价比都很好，物流速度也不错。值得购买！,4,2025-12-02 13:56:37,47,4,2025-12-15 13:58:01
6617711053,fa1b64ac0609f0dcc70171567e2cf04a,taobao_user_k50t8ay,春暖花开,买回来用了几天，材质特别很好，安装稍微一流五星好评！,5,2025-12-04 12:06:23,35,2,2025-12-15 14:31:35
6617711053,0eea9324bc12b756accbdf1326b8ae1d,user_qkf7bfhk5v,狮子座霸气,收到了，安装简单，按照说明书就能装好，质量很好，做工精细。,5,2025-12-09 14:09:57,34,3,2025-12-15 14:33:26
6617711053,ceac1421b18d0e739f74cb894b4526f7,tb_7hnseym,tb_7hnseym,使用了一段时间，安装简单，按照说明书就能装好另外质量很好，做工精细，会推荐给朋友！,4,2025-12-05 13:11:18,0,5,2025-12-15 14:11:28
6617711053,8e70be69828a84fb7911ebc14cb0ab69,tb_wijb6ocxde5g,tb_wijb6ocxde5g,第一时间试用，安装简单，按照说明书就能装好而且质量很好，做工精细，会推荐给朋友！,5,2025-12-01 09:44:18,21,0,2025-12-15 13:26:19
6013113790,aaf562bf80a362d89e8c488a8636e7d9,taobao_user_uvpb9oe,taobao_user_uvpb9oe,家具安装好了，质量很好，实木材质很有质感。很实用，安装简单方便。包装完好，物超所值,5,2025-12-07 10:00:49,18,2,2025-12-15 21:14:18
6013113790,39b79cf9b30a0f2908ecbc4799f3d728,buyer_y7qk3g2yh,buyer_y7qk3g2yh,家具收到了，基本满意。基本功能满足，但有些细节处理不够好。包装还算完好，期待改进细节,3,2025-12-06 09:44:00,19,3,2025-12-15 22:25:59
6013113790,d9d2208b64ee1d98a898e7aaa1072f20,tb_iuw71rv,tb_iuw71rv,第一时间试用，材质环保，没有异味同时设计简约大方，很实用而且质量很好，做工精细，会推荐给朋友！,5,2025-12-07 02:12:05,15,3,2025-12-15 22:38:30
6126872265,34081d4e0ab57cfcd249ac2d45502cee,tb_buyer_xf8kkj,健身教练,买回来用了几天，安装简单，按照说明书就能装好，设计简约大方，很实用而且质量很好，做工精细，非常满意！,5,2025-12-01 03:31:18,47,0,2025-12-15 15:40:11
6126872265,40d85d3171ae7b944d295e05c709d05f,t_33659763,电影迷,安装有点复杂，需要两个人配合而且基本满意，对得起价格。,3,2025-12-03 10:32:45,9,0,2025-12-15 13:40:34
6126872265,ce6ec67f9cd7bd0cfd84e8144928cc43,user_so133mz7,user_so133mz7,家具安装好了，质量很好，面料舒适。很实用，安装简单方便。物流很快，非常满意,4,2025-12-08 02:28:28,37,5,2025-12-15 14:07:03
6126872265,dd59c6521ff6f29ee6d23b981bac6656,user_9hx6vnsk5v,摇曳,安装略微相当好，尺寸有点很好，而且设计比较一流解决了我的需求。,5,2025-12-04 20:36:26,2,0,2025-12-15 15:36:57
6919098751,3b1527ef4cd9b426e49d359b53774756,taobao_user_mj4wfr9,奶茶控,食品收到了，包装完好，很新鲜。味道很好，分量很足。物流很快，会回购,5,2025-12-05 18:50:41,17,3,2025-12-15 16:57:22
6919098751,96c50560c7b58509f17a3975c9afec05,tbuser_wvcxvmrcy,天蝎座神秘,对比了好几个品牌，最终选择了这款Three Squirrels 碧根果，没有让我失望。用户体验都很好，包装也不错。值得购买！,4,2025-12-05 07:36:54,49,4,2025-12-15 16:19:48
6919098751,6716d1ca92fdba8f8e93cdd248fba0e9,淘宝用户_ohy6nj31,淘宝用户_ohy6nj31,食品收到了，没有破损，保质期很长。味道很好，价格实惠。物流很快，会回购,5,2025-12-01 13:07:54,39,4,2025-12-15 14:48:04
6919098751,1c08b6df3bd296b50b49f190615c3ef3,user_t2naj0hnmj,user_t2naj0hnmj,给朋友买的Three Squirrels 碧根果，非常喜欢。性能都符合预期，价格也很合理。好评！,5,2025-12-09 14:27:36,36,4,2025-12-15 17:33:02
6919098751,a25924e2afdd536d638c0e63d6691771,taobao_user_frfey7v,taobao_user_frfey7v,拍照效果很差，和宣传完全不符同时电池续航极差，半天就没电了。,2,2025-12-03 09:55:21,3,1,2025-12-15 15:21:52
6919098751,67ee26a97777a14470205694a4fad2a8,user_w4qjwplo7s,user_w4qjwplo7s,食品收到了，包装精美，日期很新鲜。很正宗，价格实惠。第二天就收到了，非常满意,5,2025-12-01 01:21:12,33,3,2025-12-15 16:11:13
6919098751,e7a30f8221ebd8dfc8e1ce53fb8114f0,tb_buyer_vcexor,tb_buyer_vcexor,食品收到了，包装完好，很新鲜。和实体店一样，分量很足。送货上门，非常满意,4,2025-12-03 09:46:09,42,0,2025-12-15 15:05:17
6919098751,2d4b63e67ce2154ca028c033548d1f1e,buyer_83yjlolnr,不想起床,已经使用半个月了，这款Three Squirrels 碧根果确实不错。使用体验都很满意，特别是做工细节超出预期。会推荐给朋友的！,5,2025-12-01 07:02:43,0,0,2025-12-15 15:38:08
6919098751,a15177e78dd0bc8992602f9f0c9d4296,user_kr2xh7hm,湖南辣妹,收到了，新鲜度特别很好，另外口感比较很棒物超所值！,5,2025-12-02 04:14:06,15,2,2025-12-15 15:46:34
6919098751,a4ad231ef994b401564170f56d0211d7,user_ps830ld2,耿.h,买回来用了几天，分量特别出色，而且价格略微相当好，新鲜度特别卓越会推荐给朋友！,4,2025-12-08 12:22:07,13,3,2025-12-15 17:04:38
6919098751,55851250c11e7245078199fa6ce2a672,tb_50ipsj39e3fm,佛系青年,买回来用了几天，味道有点卓越，而且包装特别出色解决了我的需求。,4,2025-12-05 05:44:40,50,2,2025-12-15 17:20:04
6421832238,3dbaa04b193d9aa37acb9882780a22d1,tb_q25irh36rtx,tb_q25irh36rtx,买回来用了几天，材质比较一流；颜色比较出色解决了我的需求。,5,2025-12-05 07:16:32,34,5,2025-12-15 17:24:56
6421832238,d73645f82226a76ad55e5a829fd337df,t_33659764,t_33659764,家具安装好了，做工精细，面料舒适。颜色搭配很协调，安装简单方便。送货上门安装，物超所值,4,2025-12-06 21:30:10,7,1,2025-12-15 16:47:03
6421832238,8af536c6ac7a5eca996fcccf265ca880,淘宝用户_wi7of60h,淘宝用户_wi7of60h,家具安装好了，做工精细，材质环保没有异味。颜色搭配很协调，按照说明书就能装好。物流很快，和家里装修很搭,4,2025-12-06 18:25:59,4,2,2025-12-15 16:58:08
6421832238,7188fc9911b839add6cd4935c613a5f7,tb_wqads4yw667,tb_wqads4yw667,QuanU 餐桌椅用着还行，对得起价格。某些功能还有改进空间，但总体可以接受。,3,2025-12-10 14:40:46,11,2,2025-12-15 15:53:19
6421832238,b40b776d21add2c224261ba82e81124a,tb_nxoll39,游戏主播,家具安装好了，做工精细，面料舒适。很实用，师傅安装很专业。包装完好，和家里装修很搭,5,2025-12-01 06:19:09,21,4,2025-12-15 16:43:34
6421832238,fa3ed8a5fe10b47fe4839bb0743abb98,user_2nzvfd40,user_2nzvfd40,尺寸略微完美，做工稍微一流，而且安装略微非常不错物超所值！,5,2025-12-04 21:49:06,21,1,2025-12-15 17:32:33
6421832238,0aa08a72b9ac9c0927393fb68fc48e2f,taobao_user_uuhayb4,耿.h,给家人买的QuanU 餐桌椅，非常喜欢。外观都符合预期，价格也很合理。好评！,5,2025-12-09 10:54:40,45,4,2025-12-15 16:51:02
6421832238,0c68b7c14d17d16ee70b33da3b683450,tb_tcvkxwdnm3eq,tb_tcvkxwdnm3eq,使用了一段时间，材质环保，没有异味。安装简单，按照说明书就能装好，非常满意！,5,2025-12-01 22:57:17,18,1,2025-12-15 15:31:39
6421832238,723f158a3125162fafb5818df75126ad,taobao_user_epwe9m2,天秤座优雅,给家人买的QuanU 餐桌椅，用着很顺手。功能都符合预期，服务也很合理。好评！,5,2025-12-05 03:57:10,34,3,2025-12-15 17:54:21
6421832238,03e550089a199f82bf704e593a2663d6,taobao_user_17t3tje,月光如水,已经使用一周了，这款QuanU 餐桌椅确实不错。使用体验都很满意，特别是操作流畅度超出预期。会推荐给朋友的！,5,2025-12-01 07:12:40,32,1,2025-12-15 17:49:04
6421832238,5eba357cedee68c5b93fb2594b9515f5,taobao_user_dt5gdoq,taobao_user_dt5gdoq,家具安装好了，质量很好，材质环保没有异味。很实用，师傅安装很专业。送货上门安装，物超所值,5,2025-12-07 07:32:07,18,0,2025-12-15 16:58:48
221762678,1d7b93a18eecf1f17bacccb2dc2d6f83,pdd_user_179pkoqe6,pdd_user_179pkoqe6,收到了，质量很好，面料舒适同时尺码标准，穿着合身。,5,2025-12-06 18:09:02,16,0,2025-12-15 18:39:55
221762678,9629582db6a1b23730f55cb592b9fc28,多多用户_fm5791jo,多多用户_fm5791jo,买回来用了几天，款式特别令人满意；舒适度稍微出色；颜色相当相当好值得购买！,5,2025-12-09 08:33:40,46,1,2025-12-15 16:41:45
221762678,b749db63f5166faa288d30a3fcf96df8,拼多多_kbpwbpr,火影忍者,使用了一段时间，质量很好，面料舒适，颜色和图片一致，没有色差；尺码标准，穿着合身，物超所值！,4,2025-12-06 01:14:15,40,3,2025-12-15 17:34:47
221762678,564ab4bb466418570587c77839673574,拼多多_fz2xk9d,北国风光（会员）,已经使用半个月了，这款阿迪达斯训练鞋 基础款 红色确实不错。使用体验都很满意，特别是实际效果超出预期。会推荐给朋友的！,5,2025-12-08 13:19:14,45,2,2025-12-15 16:39:13
221762678,031a22fac777bae09dd7b488212d461d,多多用户_tb4brtk3,多多用户_tb4brtk3,使用了一段时间，质量很好，面料舒适而且颜色和图片一致，没有色差另外尺码标准，穿着合身，非常满意！,5,2025-12-10 02:15:17,35,1,2025-12-15 18:20:52
202706518,205e20bd9eee24568e0dd1d5b7d245f0,pdd_user_ky0onxveq,岁月静好（VIP）,对比了好几个品牌，最终选择了这款SOGAL 鞋柜 旗舰版，没有让我失望。用户体验都很好，物流速度也不错。值得购买！,5,2025-12-01 19:22:38,3,4,2025-12-15 20:05:21
202706518,bfc5c5cab7f6f8ddd6a60cc2cac9e8e7,拼多多_lseb2ak,拼多多_lseb2ak,使用了一段时间，安装简单，按照说明书就能装好，设计简约大方，很实用；质量很好，做工精细，会推荐给朋友！,4,2025-12-06 09:09:04,6,0,2025-12-15 18:19:07
202706518,891a3356946b2ecfe8d4c8fbea483fb9,多多用户_xg5sderl,多多用户_xg5sderl,安装简单，按照说明书就能装好，设计简约大方，很实用同时质量很好，做工精细，会推荐给朋友！,5,2025-12-07 11:05:10,42,5,2025-12-15 20:11:58
202706518,e9a3cfc990e51d81e138b3934b06b2ba,拼多多用户_u8c18xg4,火锅达人,对比了好几个品牌，最终选择了这款SOGAL 鞋柜 旗舰版，没有让我失望。用户体验都很好，售后服务也不错。值得购买！,5,2025-12-01 19:55:34,26,0,2025-12-15 17:35:12
202706518,68ec06d07224fde352f56acb68d9e53a,pdd_f1da4lhhzw60,pdd_f1da4lhhzw60,家具安装好了，做工精细，材质环保没有异味。设计简约大方，按照说明书就能装好。送货上门安装，物超所值,4,2025-12-09 06:11:30,36,3,2025-12-15 19:48:04
202706518,ebbbdab77ee34b03e3dd24c3e047fa67,pdduser_7wk7gxzbn5,处女座完美,家具安装好了，质量很好，材质环保没有异味。很实用，安装简单方便。物流很快，和家里装修很搭,5,2025-12-07 03:37:20,18,5,2025-12-15 17:46:19
202706518,4b64bda22b7868c0554199243f76a0da,拼多多_pvm9n60,摇曳（VIP）,已经使用一个月了，这款SOGAL 鞋柜 旗舰版确实不错。功能表现都很满意，特别是操作流畅度超出预期。会推荐给朋友的！,5,2025-12-01 14:26:55,6,2,2025-12-15 17:40:55
202706518,09c4356da14cdfe3bfb01cffe6c11768,pdd_54eapmjxl79xkx,pdd_54eapmjxl79xkx,收到了，材质环保，没有异味；安装简单，按照说明书就能装好另外设计简约大方，很实用；质量很好，做工精细，非常满意！,4,2025-12-10 02:26:38,7,3,2025-12-15 18:13:38
202706518,78288ab1f43326d3469f322e120a01e9,拼多多用户_uchhjbzt,健身教练,收到了，颜色非常令人满意；安装比较一流值得购买！,5,2025-12-02 14:16:26,40,3,2025-12-15 19:20:35
260753286,ef4656d32530c2dc1392499f67ab639f,pdd_buyer_lc8f31,pdd_buyer_lc8f31,买回来用了几天，运行非常流畅，玩游戏也不会卡顿，外观设计很时尚，颜色也很正而且拍照效果出乎意料的好，夜景也很清晰。电池续航给力，一天一充完全够用，会推荐给朋友！,5,2025-12-03 02:23:20,28,0,2025-12-15 15:29:51
260753286,99a52328aedea484e742358ae34a02ef,pdduser_mwaaqexzwk,天蝎座神秘,使用了一段时间，拍照效果有点非常不错，屏幕格外很好五星好评！,5,2025-12-03 22:08:45,29,2,2025-12-15 13:55:40
260753286,6d33de6dd0422117289d24c8eec326cd,PDDdxbl0pyq,熊猫宝宝,手机收到了，颜值很高，握持感舒适。玩游戏很顺畅，拍照效果超出预期。一天一充足够使用，送货上门。会推荐给朋友,5,2025-12-02 16:52:37,15,4,2025-12-15 15:04:23
260753286,28d882c80f9845db8b08d414c3343712,PDDeeed0h3r,陕西汉子（VIP）,收到了，设计比较很棒，而且系统略微优秀解决了我的需求。,5,2025-12-06 01:09:45,4,4,2025-12-15 13:50:39
260753286,2f11185ffb3bb50b504b0507bbed1080,pdd_rpq25097ig51,也许,收到了，运行略微出色，而且外观十分完美五星好评！,5,2025-12-05 14:44:20,11,2,2025-12-15 15:08:21
260753286,07b9f9bbb144c70a3c30ed612b18727b,PDD_uinyd6tadt,PDD_uinyd6tadt,对比了好几个品牌，最终选择了这款Apple iPhone SE 1024GB 灰色，没有让我失望。性价比都很好，包装也不错。值得购买！,4,2025-12-02 20:17:10,50,2,2025-12-15 13:23:36
260753286,ed09bacf6552aa9ca546f0d7c3d516ad,pdd_buyer_2p6aun,pdd_buyer_2p6aun,手机收到了，做工精细，握持感舒适。运行流畅不卡顿，人像模式背景虚化自然。一天一充足够使用，包装完好。物超所值,5,2025-12-05 14:26:14,22,0,2025-12-15 14:05:30
260753286,d344e64a4d4fedb41247ef3788b84f9e,PDD_36nv7t7xie,PDD_36nv7t7xie,使用体验中规中矩，好的地方和不足都比较明显。综合表现还算合理，可以考虑。,3,2025-12-10 08:48:53,3,0,2025-12-15 15:03:01
260753286,94c5b28e8b74171e287e05a4b5f651e6,多多用户_krcdvbhw,多多用户_krcdvbhw,已经使用一周了，这款Apple iPhone SE 1024GB 灰色确实不错。功能表现都很满意，特别是实际效果超出预期。会推荐给朋友的！,5,2025-12-03 16:38:06,24,1,2025-12-15 14:08:13
260753286,87152c37f68652c73c41727cc74aacde,pdd_buyer_krxg1d,梅花,收到了，系统特别很好，拍照效果格外卓越；屏幕比较出色解决了我的需求。,4,2025-12-05 11:51:05,23,4,2025-12-15 13:43:23
260753286,cb25a5794cf1a5917d3ab7a8dda3fa58,PDD68bs3tcr,小可爱,运行非常流畅，玩游戏也不会卡顿另外外观设计很时尚，颜色也很正而且拍照效果出乎意料的好，夜景也很清晰同时电池续航给力，一天一充完全够用，物超所值！,5,2025-12-07 07:56:22,40,1,2025-12-15 14:20:09
260753286,2cf885a54cf4a21197535ce09bf46297,拼多多_vyz1k1l,夜猫子,对比了好几个品牌，最终选择了这款Apple iPhone SE 1024GB 灰色，没有让我失望。整体表现都很好，包装也不错。值得购买！,5,2025-12-01 00:52:09,20,2,2025-12-15 15:15:07
286362610,4d8be1d2989a9c572ae44f55d3c92cfc,pdd_k889zv5cxrezqb,冬雪皑皑（会员）,家具安装好了，质量很好，材质环保没有异味。设计简约大方，师傅安装很专业。包装完好，物超所值,5,2025-12-02 10:50:13,36,5,2025-12-15 23:47:55
286362610,694f7fd687317311262662646d788af8,pdd_s8sia8twv8pcqv,pdd_s8sia8twv8pcqv,家具安装好了，做工精细，材质环保没有异味。颜色搭配很协调，师傅安装很专业。送货上门安装，和家里装修很搭,5,2025-12-08 14:38:11,15,3,2025-12-15 22:11:35
286362610,f8059a046496173082d7f94047dbe8f4,拼多多_erp5l7j,拼多多_erp5l7j,家具安装好了，结构稳固，实木材质很有质感。设计简约大方，安装简单方便。包装完好，非常满意,5,2025-12-05 20:39:24,17,4,2025-12-15 23:01:13
286362610,50c8e2f8548b1fef78a2804dd3cc5751,pdd_2nwb7sgb7mli,pdd_2nwb7sgb7mli,家具收到了，还算可以。基本功能满足，但有些细节处理不够好。送货上门，建议优化安装流程,2,2025-12-02 18:42:43,2,1,2025-12-16 00:51:40
286362610,62da7098637576302e548139fbce2d2f,用户_vjnedi9gf,用户_vjnedi9gf,给朋友买的全友布艺沙发 灰色 皮革，非常喜欢。外观都符合预期，价格也很合理。好评！,5,2025-12-07 17:58:32,35,0,2025-12-15 23:03:31
286362610,d42a8216e69d73f65945d5a92ef50e86,多多用户_r3kazxcv,多多用户_r3kazxcv,收到了，材质环保，没有异味；安装简单，按照说明书就能装好；设计简约大方，很实用，物超所值！,5,2025-12-10 21:24:12,12,4,2025-12-15 23:46:39
286362610,ad047c0976660afb6bca5b3cf88cf60b,用户_dg2ztxtz6,崩坏三舰长,收到了，安装比较很好，另外颜色比较完美；材料非常非常不错会推荐给朋友！,5,2025-12-02 09:30:24,24,2,2025-12-16 01:00:07
286362610,4ae7b9929fe3b4578e660392ceb4f38b,pdd_18zt2a6teq5kxh,雨后天晴,给自己买的全友布艺沙发 灰色 皮革，非常喜欢。外观都符合预期，价格也很合理。好评！,4,2025-12-03 00:53:51,34,4,2025-12-15 22:53:43
286362610,a03bdb5d57f02de52310dd3c2c8aeb92,pdd_user_xja65qad6,pdd_user_xja65qad6,使用了一段时间，尺寸特别优秀，另外材质特别非常不错会推荐给朋友！,5,2025-12-06 05:54:50,40,3,2025-12-16 00:33:54
206806498,7cf1a86da8739959878c3c96854c51fc,pdd_user_wd4s6qfhl,pdd_user_wd4s6qfhl,收到了，性能特别非常不错；续航非常一流；散热十分卓越五星好评！,5,2025-12-08 17:05:40,14,3,2025-12-15 13:02:29
206806498,acb6b27016f613083d31d9446e5d54e3,PDDxrzmomsp,元气少女,电脑包装很严实，做工精致。处理大型软件流畅，屏幕显示效果细腻。风扇声音很小，背光效果很酷。包装完好无损，性价比很高,5,2025-12-02 19:27:50,36,5,2025-12-15 12:46:09
206806498,e07ce559eab06bb4b8ffa04265560095,拼多多用户_l00sez4q,翠竹（VIP）,买回来用了几天，散热稍微优秀，性能稍微很好会推荐给朋友！,5,2025-12-01 22:04:15,4,3,2025-12-15 13:05:28
206806498,9725141d26dbf55fd72e315b2b829a8f,pdd_buyer_ulecd3,双子座好奇,对比了好几个品牌，最终选择了这款华为MateBook D 16 i9-13900H 64GB 256GB，没有让我失望。性价比都很好，物流速度也不错。值得购买！,5,2025-12-09 01:54:00,13,1,2025-12-15 12:33:04
206806498,1ba09b39479b382c60480500a9a326d7,用户_twb1s7vsf,甜心宝贝,买回来用了几天，散热十分令人失望，而且续航十分很差。,2,2025-12-06 07:03:33,7,2,2025-12-15 13:35:31
278415781,b27a61bdf4e24ecd08358c600aa38dd6,pdd_user_8kihuq2mw,pdd_user_8kihuq2mw,衣服收到了，做工精细，版型很好。颜色很正，很百搭。穿着很舒服，物超所值,5,2025-12-09 17:29:28,48,5,2025-12-15 16:12:07
278415781,4a58398969d40fab9e5df96039f2ba08,用户_258wm0ax8,诗酒趁年华,连接特别很棒；续航非常完美值得购买！,5,2025-12-03 12:16:30,37,2,2025-12-15 16:11:58
278415781,cdf746802a47c0b1605035adfd4cdd6b,用户_wlqh19ue0,手机评测师,衣服收到了，做工精细，尺码标准。没有色差，很百搭。活动自如，会回购,5,2025-12-09 00:00:29,4,5,2025-12-15 18:00:11
278415781,d52d32e2cb95302aa973aa5b29fc57a3,PDD_3nml6vxskx,PDD_3nml6vxskx,衣服收到了，面料舒适，版型很好。没有色差，款式时尚。活动自如，非常喜欢,5,2025-12-01 01:41:58,43,0,2025-12-15 17:27:55
278415781,742e0118c7a52e53434897c06a9fecf7,PDD7dzg40sm,数码发烧友,使用了一段时间，尺码标准，穿着合身，外观设计很时尚，颜色也很正；安装简单，按照说明书就能装好；设计简约大方，很实用，物超所值！,4,2025-12-06 08:28:56,45,4,2025-12-15 18:35:44
278415781,233e6b13cbc8469dd8b62627cf816b72,pdd_hvabspohbc6r,pdd_hvabspohbc6r,使用了一段时间，味道很好，很正宗；分量很足，性价比高，非常满意！,5,2025-12-06 10:33:37,470,11,2025-12-15 16:41:44
278415781,4cd86ab9db12217fcd3b15b7d0ddf855,拼多多用户_jb7pgvn1,人间清醒,使用了一段时间，设计格外基本满意，而且舒适度比较还算可以。,3,2025-12-03 14:47:40,3,2,2025-12-15 18:42:33
278415781,9614c09add8de7b8ffc7f9785327317c,用户_okt15d62x,青松（优质买家）,衣服收到了，质量很好，版型很好。没有色差，很百搭。透气性好，物超所值,5,2025-12-02 08:24:10,5,5,2025-12-15 17:05:49
278415781,8c77532f96fb2b8d3f1ea9e2b7808b88,PDD_xu9agobskx,耿.h（优质买家）,收到了，外观设计简约大气，很有质感而且尺码标准，穿着合身另外质量很好，做工精细，物超所值！,5,2025-12-01 05:24:30,17,1,2025-12-15 17:40:00
210302696,2f88da44b19491c518a4900f4515fe7f,pdd_buyer_c3l587,小兔子,使用了一段时间，屏幕相当一流；设计十分很棒；相机稍微出色非常满意！,5,2025-12-09 17:59:43,36,1,2025-12-15 17:13:41
210302696,7f3afad9e1513cff06e0c21b5ecb2241,PDDyi50b0tg,PDDyi50b0tg,买回来用了几天，总体还可以，基本功能都正常而且拍照效果日常够用，但夜景表现一般，电池续航中规中矩，一天需要充一次电，对得起价格。,3,2025-12-02 00:57:20,6,3,2025-12-15 16:57:19
210302696,4d873ca701ba0584607ed3cec02a182c,拼多多_dhw9dfb,拼多多_dhw9dfb,手机收到了，做工精细，拿在手里很有质感。各种应用打开很快，夜景模式表现很好。充电速度很快，包装完好。会推荐给朋友,5,2025-12-01 02:39:55,21,1,2025-12-15 15:09:34
210302696,ab3535cedfa24cef881eec7173ed537b,pdduser_5hna9m1ujb,医生小王,使用了一段时间，运行非常流畅，玩游戏也不会卡顿，拍照效果出乎意料的好，夜景也很清晰，外观设计很时尚，颜色也很正而且电池续航给力，一天一充完全够用，会推荐给朋友！,5,2025-12-09 18:50:21,41,2,2025-12-15 16:50:36
210302696,35556dabca3ebb279c7f59884dfbae47,PDDie3cl1rn,PDDie3cl1rn,家具收到了，还算可以。材质还可以，但安装有点复杂。送货上门，希望做工能更好,1,2025-12-04 13:27:06,1,1,2025-12-15 16:38:31
210302696,03d1b7d59c8c3be1cb1e466b68fa655d,PDDdgacx8eb,PDDdgacx8eb,买回来用了几天，相机略微一流，续航稍微一流非常满意！,5,2025-12-06 11:39:24,6,5,2025-12-15 15:27:26
210302696,7c501b2b8552e3514bcc0c64fdf74df2,pdd_nsw3xerrwescxm,阳光明媚,手机收到了，颜色很正，重量适中。玩游戏很顺畅，拍照效果超出预期。电池续航给力，送货上门。非常满意,5,2025-12-07 10:44:17,35,4,2025-12-15 17:42:09
210302696,5df1291a99fd284a26a88d091451bb7f,拼多多用户_ilfr24gb,拼多多用户_ilfr24gb,已经使用一周了，这款iQOO Neo9 18GB+128GB 粉色确实不错。功能表现都很满意，特别是操作流畅度超出预期。会推荐给朋友的！,5,2025-12-01 22:50:58,49,5,2025-12-15 15:04:39
210302696,3d2e1a428e51564a1d0f00944a491169,PDD8rcw874t,诗酒趁年华（已认证）,收到了，设计有点一流，而且拍照效果非常非常不错；续航特别完美五星好评！,5,2025-12-09 01:29:03,14,5,2025-12-15 17:11:23
210302696,f2c281793d0d812e8d321491778f16ce,多多用户_hbpyzlk7,春暖花开（优质买家）,手机用了一段时间，基本满意。性能基本够用，但充电速度一般。希望价格更优惠,3,2025-12-08 12:48:18,20,3,2025-12-15 15:35:04
210302696,7e40abbabcb4b193f1dc61d4b6df10e5,拼多多用户_dlliwe9t,设计师小姐姐,手机收到了，颜色很正，重量适中。各种应用打开很快，拍照效果超出预期。电池续航给力，物流很快。非常满意,5,2025-12-01 08:31:20,14,1,2025-12-15 17:25:59
215619489,aba67f055d4e0ff3e678083064391f54,拼多多_7sn3rsn,拼多多_7sn3rsn,食品收到了，包装完好，很新鲜。味道很好，分量很足。第二天就收到了，会回购,4,2025-12-01 00:50:44,21,5,2025-12-15 22:55:06
215619489,97cbcf5b2378014ad1c2826ac24d395e,pdd_vp3a6pu80yqk64,火锅达人,买回来用了几天，味道很好，很正宗；日期很新鲜，保质期很长，物超所值！,5,2025-12-09 06:58:07,8,2,2025-12-16 00:09:52
215619489,25dd2065b3959d7796dd731233993400,拼多多_iy9ebt4,拼多多_iy9ebt4,食品收到了，包装完好，保质期很长。和实体店一样，分量很足。送货上门，家人很喜欢,4,2025-12-05 04:37:25,40,0,2025-12-15 21:58:38
215619489,4f261841f780ddc24bb688df46ba244b,pdd_gzr6yhys6sb5,湖南辣妹,第一时间试用，分量很足，性价比高另外味道很好，很正宗，会推荐给朋友！,5,2025-12-10 13:46:31,14,2,2025-12-15 23:26:29
215619489,5c319dd28861ea19e22fcac77f4abcea,PDDdcdfjr2w,美味鱼肉卷（VIP）,给自己买的Be&Cheery 零食组合，很满意。性能都符合预期，质量也很合理。好评！,4,2025-12-04 08:17:43,33,3,2025-12-15 22:05:38
215619489,6c4aac8dfb17a623843acf4433a1d3a0,PDD_l6rs2dv6xt,广东靓仔,味道很好，很正宗同时分量很足，性价比高，物超所值！,5,2025-12-07 10:56:02,12,2,2025-12-15 23:31:44
215619489,bbe9ebbb3dccd61650180795846c6341,pdd_vufv9wsclt854i,摩羯座努力（回头客）,食品收到了，包装精美，很新鲜。很正宗，分量很足。物流很快，非常满意,5,2025-12-09 06:02:46,35,0,2025-12-15 21:45:01
215619489,d1f8f5912abcdc38108d479617f3d0d7,pdduser_9k1sufx4en,熊猫宝宝,食品收到了，没有破损，很新鲜。和实体店一样，性价比高。物流很快，非常满意,4,2025-12-10 03:15:04,9,0,2025-12-15 21:54:10
215619489,2fc9c6a61d24fa52ebd54b799173530f,用户_0n8of01ar,用户_0n8of01ar,对比了好几个品牌，最终选择了这款Be&Cheery 零食组合，没有让我失望。整体表现都很好，售后服务也不错。值得购买！,5,2025-12-10 09:30:12,16,0,2025-12-16 00:24:33
254011076,9b2c52ccadb535a210ef523f27bf264d,pdd_043hant1qctb9a,王者荣耀玩家,非常失望！这款SOGAL 鞋柜 升级版完全不行。性能都有问题，客服态度也很差。不推荐！,2,2025-12-02 02:24:48,2,2,2025-12-15 13:38:09
254011076,c36ee8ae3518143624a03df80d68dd71,用户_nnzg1m0u7,用户_nnzg1m0u7,已经使用一个月了，这款SOGAL 鞋柜 升级版确实不错。功能表现都很满意，特别是做工细节超出预期。会推荐给朋友的！,5,2025-12-07 05:20:25,35,3,2025-12-15 14:42:00
254011076,5ecca2979ed535a971b926bce682d154,pdd_user_ahxeducy3,pdd_user_ahxeducy3,给家人买的SOGAL 鞋柜 升级版，用着很顺手。外观都符合预期，价格也很合理。好评！,5,2025-12-07 17:05:00,50,0,2025-12-15 14:21:24
254011076,8cbb69976021fbf0ce4514341b40b4a7,pdd_buyer_ip335e,pdd_buyer_ip335e,收到了，安装特别令人满意，而且尺寸非常很好，而且质量特别非常不错值得购买！,5,2025-12-09 01:15:16,5,3,2025-12-15 14:53:35
254011076,58cc98c1bd6d918962e6252cfe104cad,用户_2tefjw2cb,墨染青衣,给自己买的SOGAL 鞋柜 升级版，非常喜欢。功能都符合预期，服务也很合理。好评！,5,2025-12-07 15:17:18,38,1,2025-12-15 15:45:12
254011076,0e395c5b001350d1326922da0424bc01,pdd_user_ox5ffacun,pdd_user_ox5ffacun,第一时间试用，材质环保，没有异味，安装简单，按照说明书就能装好；设计简约大方，很实用，质量很好，做工精细，非常满意！,5,2025-12-08 16:00:20,7,4,2025-12-15 15:07:45
254011076,accafd7d15a0bcca35ad6706445abed3,pdd_buyer_qwp3w1,外卖骑手,已经使用一周了，这款SOGAL 鞋柜 升级版确实不错。使用体验都很满意，特别是操作流畅度超出预期。会推荐给朋友的！,4,2025-12-09 16:35:26,15,2,2025-12-15 16:14:23
254011076,e312a4a1473d3e6f68fc27069fd1e9c8,pdd_buyer_c36aal,pdd_buyer_c36aal,第一时间试用，材质环保，没有异味同时安装简单，按照说明书就能装好而且设计简约大方，很实用同时质量很好，做工精细。,5,2025-12-08 23:42:02,38,4,2025-12-15 14:02:10
256064223,2c626957dbbcca3f6b5941d132646711,拼多多用户_pc84vypx,流年似水,第一时间试用，制冷/制热效果很好，很快就达到舒适温度另外运行声音很小，几乎听不到另外功能很实用，操作简单，物超所值！,5,2025-12-05 23:20:58,26,4,2025-12-15 17:52:32
256064223,c2626962f78e9b113c5a3aae6c4e7eaa,拼多多用户_tcyntuoc,拼多多用户_tcyntuoc,给朋友买的西门子冰箱KG 500L英寸 静音，用着很顺手。外观都符合预期，价格也很合理。好评！,4,2025-12-05 21:35:26,49,0,2025-12-15 17:07:58
256064223,5b1b9a1f60e2aa3e2978e834918e453e,多多用户_n7glx08y,多多用户_n7glx08y,买回来用了几天，制冷/制热效果很好，很快就达到舒适温度同时运行声音很小，几乎听不到另外功能很实用，操作简单，会推荐给朋友！,5,2025-12-04 02:18:58,38,3,2025-12-15 16:45:47
256064223,55285b73b9c6560bf1bab7771e5e14ad,PDD_byl1590vjy,PDD_byl1590vjy,给朋友买的西门子冰箱KG 500L英寸 静音，用着很顺手。功能都符合预期，服务也很合理。好评！,5,2025-12-06 03:10:11,16,0,2025-12-15 18:10:42
256064223,ff9a8e23eafb3193f558516511ae1baf,拼多多_6a91n2p,拼多多_6a91n2p,噪音略微卓越，操作稍微非常不错物超所值！,4,2025-12-03 13:01:29,39,4,2025-12-15 15:59:06
256064223,4df62fe3874316de52d947811562c6c5,pdd_fy8cgk9l8w1s,甜品控,非常失望！这款西门子冰箱KG 500L英寸 静音问题很多。质量都有问题，客服态度也很差。差评！,2,2025-12-05 08:16:46,4,1,2025-12-15 17:13:38
256064223,f1c675af5b40eaec9bb90df7a35c2b4c,多多用户_s7ulr5lt,江南烟雨,已经使用半个月了，这款西门子冰箱KG 500L英寸 静音确实不错。功能表现都很满意，特别是操作流畅度超出预期。会推荐给朋友的！,4,2025-12-08 02:09:26,26,1,2025-12-15 17:52:40
256064223,1b70a5865403d42b892ce23b97914687,pdduser_fbymxkz2ql,进击的巨人（回头客）,使用了一段时间，操作特别完美，效果比较很棒，而且节能有点卓越解决了我的需求。,5,2025-12-06 10:45:10,43,5,2025-12-15 18:28:39
256064223,9cd8dbc6ab9e2292dbb118ece396ac14,pdd_v4txlar34vl8jd,美食家,制冷/制热效果很好，很快就达到舒适温度另外运行声音很小，几乎听不到而且功能很实用，操作简单，物超所值！,5,2025-12-02 20:29:49,8,5,2025-12-15 16:25:59
213865201,5b4681874382074c803a0dee2222d2e9,pdd_kpcfflirjrlcv5,保安大叔,性能很强劲，运行大型软件很流畅而且散热效果不错，长时间使用也不会很热，外观设计简约大气，很有质感，非常满意！,5,2025-12-07 18:59:24,3,4,2025-12-15 18:34:03
213865201,fad45f8c077cb281168fc62e6b050f32,PDD_kiy9g942rw,-10in^,屏幕显示效果很好，色彩准确。性能很强劲，运行大型软件很流畅；散热效果不错，长时间使用也不会很热，物超所值！,5,2025-12-04 12:10:55,32,3,2025-12-15 17:03:04
213865201,ad1768a3ce18438567c605fbd4c480e8,PDD979b8hnf,PDD979b8hnf,电脑包装很严实，金属机身很有质感。处理大型软件流畅，高刷新率很流畅。风扇声音很小，打字很舒服。包装完好无损，会推荐给同事,4,2025-12-04 01:23:07,42,3,2025-12-15 18:43:05
213865201,291e37e4d4233e1c1ee47c7f7fb6718a,拼多多_o2n9p5w,-10in^,买回来用了几天，性能很强劲，运行大型软件很流畅，外观设计简约大气，很有质感同时散热效果不错，长时间使用也不会很热。,5,2025-12-09 01:15:14,22,5,2025-12-15 16:53:05
211594761,ef4e95041257902b0551dcc1233c2b56,pdd_4ykyfvf57dkmmv,pdd_4ykyfvf57dkmmv,收到了，日期很新鲜，保质期很长，味道很好，很正宗，会推荐给朋友！,5,2025-12-08 09:04:23,10,3,2025-12-15 22:08:22
211594761,b678084553533f0f2bd1431e897fd263,pdd_user_p4te6odgj,墨染青衣,食品收到了，包装完好，保质期很长。味道很好，价格实惠。物流很快，会回购,5,2025-12-06 00:49:04,45,3,2025-12-15 21:19:37
211594761,4877f530c2fcce66b497f9993348e5e5,pdd_dlvjtr0k69jm2y,pdd_dlvjtr0k69jm2y,对比了好几个品牌，最终选择了这款Master Kong 冰红茶，没有让我失望。用户体验都很好，包装也不错。值得购买！,5,2025-12-04 16:35:38,1,2,2025-12-15 21:00:15
211594761,fe198a1dbc8f27e4bbafd0fc77632d77,多多用户_lzzeepzd,多多用户_lzzeepzd,买回来用了几天，日期很新鲜，保质期很长；分量很足，性价比高，味道很好，很正宗，物超所值！,5,2025-12-01 17:11:48,23,1,2025-12-15 20:33:17
211594761,0ebb12c1ac281f536adc90908bb0c896,pdd_user_h9qo0he9g,pdd_user_h9qo0he9g,食品收到了，包装完好，很新鲜。味道很好，价格实惠。物流很快，非常满意,5,2025-12-09 09:39:22,10,2,2025-12-15 21:36:54
211594761,80f95bf62172b20b0139ee9318dc9a0d,pdd_buyer_2qctrx,pdd_buyer_2qctrx,买回来用了几天，拍照效果很差，和宣传完全不符另外用了几天就出现问题了，非常失望而且电池续航极差，半天就没电了，差评！,2,2025-12-07 23:51:18,2,1,2025-12-15 21:38:55
211594761,14664ba5d6a0cb7c5d39434b0f061a8a,pdd_buyer_52u9lo,pdd_buyer_52u9lo,食品收到了，没有破损，很新鲜。很正宗，价格实惠。第二天就收到了，非常满意,5,2025-12-09 13:30:09,8,2,2025-12-15 20:30:31
211594761,5259774fcf38e7a3fc2c5090156b6835,pdd_buyer_gylghr,pdd_buyer_gylghr,食品收到了，包装完好，保质期很长。和实体店一样，价格实惠。物流很快，会回购,5,2025-12-04 16:59:23,38,4,2025-12-15 19:40:11
211594761,f96bac913ee7c88a62d69541b13bae18,pdd_b19ykfvf0rtz5l,北京大爷,收到了，日期很新鲜，保质期很长而且分量很足，性价比高，会推荐给朋友！,5,2025-12-07 22:28:32,47,3,2025-12-15 21:40:24
211594761,fcd620eec6bd9587161e3a6682b121d0,PDD_slpj818kx9,广东靓仔,使用了一段时间，日期很新鲜，保质期很长，分量很足，性价比高。,5,2025-12-10 03:06:35,5,0,2025-12-15 21:36:36
211594761,a4b40f97fa61388a5d2814f7ebc032bb,pdd_buyer_dpkieu,pdd_buyer_dpkieu,包装十分优秀；味道非常很好五星好评！,4,2025-12-09 01:26:02,36,5,2025-12-15 22:14:45
266309134,28799a7ab8b42916fd9cc6ad5e79161c,pdd_user_asjiko0ca,四川妹子（会员）,家电安装使用了一段时间，画面/声音效果出色，几乎听不到噪音。操作简单方便，能效等级高。安装师傅很专业，非常满意,4,2025-12-02 12:33:14,23,0,2025-12-15 19:20:06
266309134,6f7983489b5af037404008fbc49f6451,拼多多用户_g2u4qfw6,拼多多用户_g2u4qfw6,已经使用半个月了，这款CHANDO 精华确实不错。使用体验都很满意，特别是实际效果超出预期。会推荐给朋友的！,4,2025-12-01 21:16:21,14,5,2025-12-15 20:34:56
266309134,dd65b9b2973b890e062c159ca2c9afc3,pdd_pnb0cdt9yt67,双子座好奇（回头客）,使用体验普普通通，优点和缺点都比较明显。综合表现还算合理，可以考虑。,3,2025-12-01 05:55:11,2,3,2025-12-15 19:33:37
266309134,b914eea89fd0d78fa15040b55258be70,pdd_buyer_3s89w4,读书人,家电安装使用了一段时间，制冷/制热效果很好，几乎听不到噪音。智能控制很好用，节能环保。服务态度很好，解决了生活需求,5,2025-12-05 06:05:28,1,4,2025-12-15 19:31:39
266309134,fa2b317192f072516b2b959322541c37,拼多多用户_wju33vol,Kaishek-Official（回头客）,买回来用了几天，效果特别优秀，而且成分相当很好解决了我的需求。,5,2025-12-01 23:49:22,8,2,2025-12-15 20:15:11
266309134,67033fb63b7fa64b061b6c7430cc5432,pdd_07ez7dop6oxy,pdd_07ez7dop6oxy,给家人买的CHANDO 精华，非常喜欢。外观都符合预期，价格也很合理。好评！,5,2025-12-01 15:37:20,32,3,2025-12-15 18:40:42
266309134,f321cb335f78591a0d90f777c86af356,pdd_cizh3d33cxxd,pdd_cizh3d33cxxd,衣服收到了，面料舒适，尺码标准。颜色很正，很百搭。活动自如，非常喜欢,4,2025-12-08 10:15:08,36,5,2025-12-15 20:41:30
277492757,dc533b5602a05927a42b44aac40ef1e1,PDD_17u9o8wr9d,PDD_17u9o8wr9d,电脑包装很严实，外观设计简约大气。多任务处理无压力，高刷新率很流畅。散热效果很好，打字很舒服。送货上门，会推荐给同事,5,2025-12-02 03:12:45,29,5,2025-12-15 18:27:02
277492757,88dc015ddd6244f4ee10d591f9bcc85b,pdduser_ocqno8v6r6,也许,电脑包装很严实，外观设计简约大气。处理大型软件流畅，屏幕显示效果细腻。风扇声音很小，键盘手感舒适。送货上门，性价比很高,5,2025-12-04 12:18:42,22,4,2025-12-15 18:50:21
277492757,3a531e0a9e4652e5b95ddf3f70798257,pdd_user_07vdye23z,萌萌哒,第一时间试用，屏幕显示效果很好，色彩准确同时性能很强劲，运行大型软件很流畅，会推荐给朋友！,5,2025-12-02 13:08:29,26,2,2025-12-15 18:45:23
277492757,278c9668274c025444af61e4447b9e97,用户_vhamiv45r,旅行爱好者（回头客）,已经使用一个月了，这款Apple MacBook Air 13确实不错。功能表现都很满意，特别是实际效果超出预期。会推荐给朋友的！,5,2025-12-08 11:24:24,14,5,2025-12-15 18:25:57
277492757,b3f57aa18dea5c6998d2ef6f0a25b4b5,pdd_z4ekr8pi6mp9,pdd_z4ekr8pi6mp9,电脑包装很严实，外观设计简约大气。处理大型软件流畅，高刷新率很流畅。长时间使用也不发烫，键盘手感舒适。包装完好无损，性价比很高,5,2025-12-02 13:30:13,35,0,2025-12-15 20:22:05
277492757,3d50eaaad4d2b39e4ca6f19df2261eff,pdd_buyer_e9ozua,梅花,使用了一段时间，屏幕显示效果很好，色彩准确；性能很强劲，运行大型软件很流畅，外观设计简约大气，很有质感同时散热效果不错，长时间使用也不会很热。,5,2025-12-07 13:38:43,37,4,2025-12-15 19:58:59
277492757,aa863ac5367bcdc9700a5f08ff9f09da,pdduser_5elcrrw26e,pdduser_5elcrrw26e,续航比较很好，另外屏幕相当很棒，性能相当完美五星好评！,5,2025-12-01 12:08:22,3,1,2025-12-15 17:53:54
277492757,2d56e526802ea0f95011ec14cb937ac7,pdd_buyer_8av1am,pdd_buyer_8av1am,第一时间试用，性能很强劲，运行大型软件很流畅，外观设计简约大气，很有质感，物超所值！,4,2025-12-07 02:22:58,28,2,2025-12-15 20:03:08
207522265,e47768e6aa2dc9f22ab5700feb014621,pdd_9u1sl4wezakw,也许（回头客）,买回来用了几天，续航格外很棒；性能非常令人满意，另外屏幕非常一流物超所值！,4,2025-12-08 15:13:15,32,0,2025-12-15 16:55:53
207522265,5b848508adf15396993c81d441448827,pdduser_3arex48x4i,北京大爷,使用了一段时间，屏幕显示效果很好，色彩准确另外外观设计简约大气，很有质感，非常满意！,5,2025-12-02 20:30:27,35,3,2025-12-15 17:33:27
207522265,3c68a0fc33ab8754ba722d8cce609b5d,pdd_7s34khdg10ky,时光荏苒,电脑包装很严实，做工精致。多任务处理无压力，屏幕显示效果细腻。散热效果很好，打字很舒服。包装完好无损，非常满意的一次购物,5,2025-12-01 06:45:47,244,14,2025-12-15 18:21:18
207522265,7c4dfe86cc304d4a1534d7894e3f45bd,拼多多用户_bszse5op,拼多多用户_bszse5op,买回来用了几天，屏幕显示效果很好，色彩准确；性能很强劲，运行大型软件很流畅。散热效果不错，长时间使用也不会很热；外观设计简约大气，很有质感，非常满意！,5,2025-12-07 03:15:44,42,4,2025-12-15 16:32:52
207522265,cf4df7ca1d4a8a2e185839ccefa3eadf,拼多多用户_2i0wtk2v,拼多多用户_2i0wtk2v,给朋友买的Apple MacBook Pro 14，很满意。性能都符合预期，质量也很合理。好评！,5,2025-12-02 11:08:34,46,4,2025-12-15 16:35:17
207522265,0ec30b9c0a6c66a9b7b54c3216157da8,多多用户_6ln73a13,多多用户_6ln73a13,家具收到了，还算可以。材质还可以，但安装有点复杂。物流速度一般，期待改进细节,3,2025-12-05 14:44:00,20,3,2025-12-15 17:08:26
207522265,fa5a4b05b3ccb4a0a30e457c0c87a3dd,pdduser_u6y0zk0pbw,pdduser_u6y0zk0pbw,电脑包装很严实，外观设计简约大气。运行速度很快，色彩鲜艳准确。长时间使用也不发烫，打字很舒服。物流很快，非常满意的一次购物,5,2025-12-01 17:15:40,25,0,2025-12-15 16:12:50
207522265,6eeffb7ccf36c1a35e35ef28d4176bd9,PDD_lp1oqq4dgo,PDD_lp1oqq4dgo,电脑包装很严实，外观设计简约大气。多任务处理无压力，高刷新率很流畅。散热效果很好，背光效果很酷。包装完好无损，会推荐给同事,5,2025-12-09 20:00:53,21,3,2025-12-15 18:39:33
246721637,45ca71335567a7ac7cada094cb9daea1,pdduser_e2gcxqj3r2,pdduser_e2gcxqj3r2,第一时间试用，日期很新鲜，保质期很长；味道很好，很正宗而且分量很足，性价比高，非常满意！,5,2025-12-06 08:50:16,11,2,2025-12-15 16:51:17
246721637,428710e06d9854c9d0cd933e28ef8dcb,多多用户_xzhfah7f,多多用户_xzhfah7f,使用了一段时间，分量十分非常不错；包装格外非常不错；口感格外卓越值得购买！,5,2025-12-09 16:15:16,27,3,2025-12-15 17:51:32
246721637,d35eac1e7b02f19dcbad88a5c68651e9,多多用户_fdmvogl1,多多用户_fdmvogl1,食品收到了，包装完好，日期很新鲜。和实体店一样，价格实惠。送货上门，家人很喜欢,5,2025-12-03 10:19:04,11,1,2025-12-15 18:31:26
246721637,438cc2209eb96bc5ff9912a563c0d112,pdd_vaht56qm4qxl,pdd_vaht56qm4qxl,食品收到了，包装精美，日期很新鲜。味道很好，性价比高。送货上门，会回购,5,2025-12-01 16:36:24,1,4,2025-12-15 17:26:13
271088157,6c498ced9b0b06c6a58fa2d0c7da8770,pdd_wt0z3mwb6c0xc0,海贼王路飞,第一时间试用，屏幕显示效果很细腻，色彩鲜艳同时外观设计很时尚，颜色也很正。电池续航给力，一天一充完全够用，非常满意！,5,2025-12-02 00:17:13,27,2,2025-12-15 16:33:42
271088157,c11a6c1f0a37e3beacdc1b699bc6703a,多多用户_mjkelxhl,秋月无边,第一时间试用，屏幕显示效果很细腻，色彩鲜艳同时外观设计很时尚，颜色也很正，物超所值！,5,2025-12-01 17:51:30,9,2,2025-12-15 18:33:04
271088157,3b82525f3de61d469e6ac01631a25931,拼多多用户_pbammhy4,拼多多用户_pbammhy4,对比了好几个品牌，最终选择了这款Xiaomi 14，没有让我失望。性价比都很好，物流速度也不错。值得购买！,5,2025-12-09 00:21:02,20,3,2025-12-15 17:17:43
271088157,5c315ed86429fe549afa407f778f9293,pdd_buyer_5mzmkj,pdd_buyer_5mzmkj,已经使用一周了，这款Xiaomi 14确实不错。外观设计都很满意，特别是操作流畅度超出预期。会推荐给朋友的！,5,2025-12-07 22:04:27,30,1,2025-12-15 16:43:29
6047641056,3b33bf2856b7fd7ae4758cddf27ddd57,京东用户_83ltoaot9,四川妹子,给自己买的荣耀100 8GB+256GB 灰色，用着很顺手。外观都符合预期，服务也很合理。好评！,5,2025-12-07 13:27:11,8,1,2025-12-15 15:52:26
6047641056,15643f01b2d7af9145ec2f184b76a177,jd_j805so,jd_j805so,已经使用半个月了，这款荣耀100 8GB+256GB 灰色确实不错。功能表现都很满意，特别是实际效果超出预期。会推荐给朋友的！,5,2025-12-01 22:06:35,15,0,2025-12-15 17:17:10
6047641056,5498dcf7480ea1be376308cea0b26f2a,jd_33659772,jd_33659772,对比了好几个品牌，最终选择了这款荣耀100 8GB+256GB 灰色，没有让我失望。用户体验都很好，售后服务也不错。值得购买！,5,2025-12-08 08:06:31,5,5,2025-12-15 16:04:33
6047641056,8c137242a0e998f9c187d2ea85ad03be,jd_kdkhufq1,jd_kdkhufq1,设计格外出色，另外拍照效果比较非常不错，另外屏幕十分优秀解决了我的需求。,5,2025-12-09 04:46:59,41,3,2025-12-15 15:50:24
6047641056,980201cf2c8dfe0f991e296346250c76,jd_6cebupx3m5_buyer,花开富贵.（逢考必过版）,使用了一段时间，拍照效果日常够用，但夜景表现一般。电池续航中规中矩，一天需要充一次电；总体还可以，基本功能都正常。,3,2025-12-03 05:02:22,9,0,2025-12-15 15:09:42
6047641056,7b939a732802f3456e65c666b8ceda31,JD_e6bhfmvf,烧烤专家,已经使用一个月了，这款荣耀100 8GB+256GB 灰色确实不错。使用体验都很满意，特别是实际效果超出预期。会推荐给朋友的！,4,2025-12-01 16:30:17,44,5,2025-12-15 16:12:18
6047641056,50739771acc0692da66ce59483b45e37,jd_3qav8pjdqnpqv9sz,jd_3qav8pjdqnpqv9sz,手机收到了，外观设计很漂亮，重量适中。运行流畅不卡顿，夜景模式表现很好。充电速度很快，送货上门。会推荐给朋友,5,2025-12-04 06:11:54,10,4,2025-12-15 15:05:15
